Workbook

Sheet Consulta
A1: ESPECIFICAÇÕES
A3: ITEM REF. | B3: G00-SP294_1_X1.00 | H3: OBRIGATÓRIO
A4: PROCESSO | B4: SOLDA LINEAR | H4: OBRIGATÓRIO
A5: NORMA | B5: GMW17136 | H5: OBRIGATÓRIO
A6: ISOLAÇÃO CABO | B6: NA
A7: TERMINAL | B7: NA
A8: SELO | B8: NA | H8: =IF(B5="GMW17136","NÃO",IF(B5="USCAR21","SOMENTE APLICAÇÕES COM SELO",IF(B5="USCAR38","NÃO",IF(B5="IEC","AVALIAR","NÃO")))) -> NÃO
A9: TERMO | B9: 3299362G2 | H9: =IF(B5="GMW17136","SIM",IF(B5="IEC","AVALIAR","NÃO")) -> SIM
A10: LADO 1
A11: BITOLA | B11: 0.35 | C11: 0.5 | D11: 0.75 | E11: 1 | F11: 1.5 | G11: 2 | H11: 2.5 | I11: 3 | J11: 4 | K11: 5 | L11: 6 | M11: 8 | N11: 10 | O11: 16 | P11: 25 | Q11: 30 | R11: 35
A12: QTD | B12: 2 | C12: 1 | D12: 0 | E12: 0 | F12: 0 | G12: 0 | H12: 0 | I12: 0 | J12: 0 | K12: 0 | L12: 0 | M12: 0 | N12: 0 | O12: 0 | P12: 0 | Q12: 0 | R12: 0
A13: SOMA DE BITOLAS LADO 1 | B13: =SUMPRODUCT(B11:R11,B12:R12) -> 1.2
A14: LADO 2
A15: BITOLA | B15: 0.35 | C15: 0.5 | D15: 0.75 | E15: 1 | F15: 1.5 | G15: 2 | H15: 2.5 | I15: 3 | J15: 4 | K15: 5 | L15: 6 | M15: 8 | N15: 10 | O15: 16 | P15: 25 | Q15: 30 | R15: 35
A16: QTD | B16: 0 | C16: 1 | D16: 0 | E16: 0 | F16: 0 | G16: 0 | H16: 0 | I16: 0 | J16: 0 | K16: 0 | L16: 0 | M16: 0 | N16: 0 | O16: 0 | P16: 0 | Q16: 0 | R16: 0
A17: SOMA DE BITOLAS LADO 2 | B17: =SUMPRODUCT(B15:R15,B16:R16) -> 0.5
A18: SOMA DE BITOLA TOTAL | B18: =B13+B17 -> 1.7
A20: RESULTADO
A22: VALIDAÇÃO INTERNA | B22: =IF(OR(ISERROR(_xlfn.XLOOKUP(_xlfn.CONCAT(B9&B18,IF(B13>B17,_xlfn.TEXTJOIN(,TRUE,B12:R12,B16:R16),_xlfn.TEXTJOIN(,TRUE,B16:R16,B12:R12))),Controle!BO:BO,Controle!BB:BB))=FALSE,ISERROR(_xlfn.XLOOKUP(_xlfn.CONCAT(B9&B18,IF(B13>B17,_xlfn.TEXTJOIN(,TRUE,B12:R12,B16:R16),_xlfn.TEXTJOIN(,TRUE,B16:R16,B12:R12))),Controle!BO:BO,Controle!AW:AW))),"LOCALIZADO","NÃO LOCALIZADO") -> LOCALIZADO
A23: CR | B23: =IF(B22="NÃO LOCALIZADO","",_xlfn.XLOOKUP(_xlfn.CONCAT(B9&B18,IF(B13>B17,_xlfn.TEXTJOIN(,TRUE,B12:R12,B16:R16),_xlfn.TEXTJOIN(,TRUE,B16:R16,B12:R12))),Controle!BO:BO,Controle!AW:AW)) -> #N/A
A24: CÓDIGO RELATÓRIO | B24: =IF(B22="NÃO LOCALIZADO","",IF(_xlfn.XLOOKUP(_xlfn.CONCAT(B9&B18,IF(B13>B17,_xlfn.TEXTJOIN(,TRUE,B12:R12,B16:R16),_xlfn.TEXTJOIN(,TRUE,B16:R16,B12:R12))),Controle!BO:BO,Controle!BB:BB)<>"",_xlfn.XLOOKUP(_xlfn.CONCAT(B9&B18,IF(B13>B17,_xlfn.TEXTJOIN(,TRUE,B12:R12,B16:R16),_xlfn.TEXTJOIN(,TRUE,B16:R16,B12:R12))),Controle!BO:BO,Controle!BB:BB),"")) -> #N/A
A25: DATA | B25: =IF(B22="NÃO LOCALIZADO","",IF(_xlfn.XLOOKUP(_xlfn.CONCAT(B9&B18,IF(B13>B17,_xlfn.TEXTJOIN(,TRUE,B12:R12,B16:R16),_xlfn.TEXTJOIN(,TRUE,B16:R16,B12:R12))),Controle!BO:BO,Controle!BC:BC)="","",_xlfn.XLOOKUP(_xlfn.CONCAT(B9&B18,IF(B13>B17,_xlfn.TEXTJOIN(,TRUE,B12:R12,B16:R16),_xlfn.TEXTJOIN(,TRUE,B16:R16,B12:R12))),Controle!BO:BO,Controle!BC:BC))) -> #N/A
A26: EMISSOR | B26: =IF(B22="NÃO LOCALIZADO","",IF(_xlfn.XLOOKUP(_xlfn.CONCAT(B9&B18,IF(B13>B17,_xlfn.TEXTJOIN(,TRUE,B12:R12,B16:R16),_xlfn.TEXTJOIN(,TRUE,B16:R16,B12:R12))),Controle!BO:BO,Controle!BD:BD)="","",_xlfn.XLOOKUP(_xlfn.CONCAT(B9&B18,IF(B13>B17,_xlfn.TEXTJOIN(,TRUE,B12:R12,B16:R16),_xlfn.TEXTJOIN(,TRUE,B16:R16,B12:R12))),Controle!BO:BO,Controle!BD:BD))) -> #N/A
A27: QTD AMOSTRAS | B27: =IF(B22="NÃO LOCALIZADO","",IF(_xlfn.XLOOKUP(_xlfn.CONCAT(B9&B18,IF(B13>B17,_xlfn.TEXTJOIN(,TRUE,B12:R12,B16:R16),_xlfn.TEXTJOIN(,TRUE,B16:R16,B12:R12))),Controle!BO:BO,Controle!BA:BA)="","",_xlfn.XLOOKUP(_xlfn.CONCAT(B9&B18,IF(B13>B17,_xlfn.TEXTJOIN(,TRUE,B12:R12,B16:R16),_xlfn.TEXTJOIN(,TRUE,B16:R16,B12:R12))),Controle!BO:BO,Controle!BA:BA))) -> #N/A
A28: APROVADOR | B28: =IF(B22="NÃO LOCALIZADO","",IF(_xlfn.XLOOKUP(_xlfn.CONCAT(B9&B18,IF(B13>B17,_xlfn.TEXTJOIN(,TRUE,B12:R12,B16:R16),_xlfn.TEXTJOIN(,TRUE,B16:R16,B12:R12))),Controle!BO:BO,Controle!BF:BF)="","",_xlfn.XLOOKUP(_xlfn.CONCAT(B9&B18,IF(B13>B17,_xlfn.TEXTJOIN(,TRUE,B12:R12,B16:R16),_xlfn.TEXTJOIN(,TRUE,B16:R16,B12:R12))),Controle!BO:BO,Controle!BF:BF))) -> #N/A
A30: VALIDAÇÃO EXTERNA | B30: =IF(ISERROR(_xlfn.XLOOKUP(_xlfn.CONCAT(B9&B18,IF(B13>B17,_xlfn.TEXTJOIN(,TRUE,B12:R12,B16:R16),_xlfn.TEXTJOIN(,TRUE,B16:R16,B12:R12))),Controle!BO:BO,Controle!BM:BM))=FALSE,"LOCALIZADO","NÃO LOCALIZADO") -> NÃO LOCALIZADO
A31: CÓDIGO FORNECEDOR | B31: =IF(B30="NÃO LOCALIZADO","",IF(_xlfn.XLOOKUP(_xlfn.CONCAT(B9&B18,IF(B13>B17,_xlfn.TEXTJOIN(,TRUE,B12:R12,B16:R16),_xlfn.TEXTJOIN(,TRUE,B16:R16,B12:R12))),Controle!BO:BO,Controle!BM:BM)=0,"",_xlfn.XLOOKUP(_xlfn.CONCAT(B9&B18,IF(B13>B17,_xlfn.TEXTJOIN(,TRUE,B12:R12,B16:R16),_xlfn.TEXTJOIN(,TRUE,B16:R16,B12:R12))),Controle!BO:BO,Controle!BM:BM)))
A32: DATA | B32: =IF(B30="NÃO LOCALIZADO","",IF(_xlfn.XLOOKUP(_xlfn.CONCAT(B9&B18,IF(B13>B17,_xlfn.TEXTJOIN(,TRUE,B12:R12,B16:R16),_xlfn.TEXTJOIN(,TRUE,B16:R16,B12:R12))),Controle!BO:BO,Controle!#REF!)=0,"",_xlfn.XLOOKUP(_xlfn.CONCAT(B9&B18,IF(B13>B17,_xlfn.TEXTJOIN(,TRUE,B12:R12,B16:R16),_xlfn.TEXTJOIN(,TRUE,B16:R16,B12:R12))),Controle!BO:BO,Controle!#REF!)))
A33: FORNECEDOR | B33: =IF(B30="NÃO LOCALIZADO","",IF(_xlfn.XLOOKUP(_xlfn.CONCAT(B9&B18,IF(B13>B17,_xlfn.TEXTJOIN(,TRUE,B12:R12,B16:R16),_xlfn.TEXTJOIN(,TRUE,B16:R16,B12:R12))),Controle!BO:BO,Controle!BN:BN)=0,"",_xlfn.XLOOKUP(_xlfn.CONCAT(B9&B18,IF(B13>B17,_xlfn.TEXTJOIN(,TRUE,B12:R12,B16:R16),_xlfn.TEXTJOIN(,TRUE,B16:R16,B12:R12))),Controle!BO:BO,Controle!BN:BN)))
A34: QTD AMOSTRAS | B34: =IF(B30="NÃO LOCALIZADO","",IF(_xlfn.XLOOKUP(_xlfn.CONCAT(B9&B18,IF(B13>B17,_xlfn.TEXTJOIN(,TRUE,B12:R12,B16:R16),_xlfn.TEXTJOIN(,TRUE,B16:R16,B12:R12))),Controle!BO:BO,Controle!#REF!)=0,"",_xlfn.XLOOKUP(_xlfn.CONCAT(B9&B18,IF(B13>B17,_xlfn.TEXTJOIN(,TRUE,B12:R12,B16:R16),_xlfn.TEXTJOIN(,TRUE,B16:R16,B12:R12))),Controle!BO:BO,Controle!#REF!)))
A35: APROVADOR | B35: =IF(B30="NÃO LOCALIZADO","",IF(_xlfn.XLOOKUP(_xlfn.CONCAT(B9&B18,IF(B13>B17,_xlfn.TEXTJOIN(,TRUE,B12:R12,B16:R16),_xlfn.TEXTJOIN(,TRUE,B16:R16,B12:R12))),Controle!BO:BO,Controle!#REF!)=0,"",_xlfn.XLOOKUP(_xlfn.CONCAT(B9&B18,IF(B13>B17,_xlfn.TEXTJOIN(,TRUE,B12:R12,B16:R16),_xlfn.TEXTJOIN(,TRUE,B16:R16,B12:R12))),Controle!BO:BO,Controle!#REF!)))
A36: DATA | B36: =IF(B30="NÃO LOCALIZADO","",IF(_xlfn.XLOOKUP(_xlfn.CONCAT(B9&B18,IF(B13>B17,_xlfn.TEXTJOIN(,TRUE,B12:R12,B16:R16),_xlfn.TEXTJOIN(,TRUE,B16:R16,B12:R12))),Controle!BO:BO,Controle!#REF!)=0,"",_xlfn.XLOOKUP(_xlfn.CONCAT(B9&B18,IF(B13>B17,_xlfn.TEXTJOIN(,TRUE,B12:R12,B16:R16),_xlfn.TEXTJOIN(,TRUE,B16:R16,B12:R12))),Controle!BO:BO,Controle!#REF!)))

Sheet Relatório
A1: ESPECIFICAÇÕES
D2: ISOLAÇÃO | H2: SOMA DE BITOLAS | L2: LADO 1 | AC2: LADO 2 | AX2: VALIDAÇÃO DE PROCESSO (PV) | BB2: VALIDAÇÃO DE PRODUTO (DV)
A3: ITEM REF. | B3: PROCESSO | C3: NORMA | D3: CABO | E3: TERMINAL | F3: SELO | G3: TERMO | H3: LADO 1 | I3: LADO 2 | J3: TOTAL | K3: CONFIGURAÇÃO | L3: 0.35 | M3: 0.5 | N3: 0.75 | O3: 1 | P3: 1.5 | Q3: 2 | R3: 2.5 | S3: 3 | T3: 4 | U3: 5 | V3: 6 | W3: 8 | X3: 10 | Y3: 16 | Z3: 25 | AA3: 30 | AB3: 35 | AC3: 0.35 | AD3: 0.5 | AE3: 0.75 | AF3: 1 | AG3: 1.5 | AH3: 2 | AI3: 2.5 | AJ3: 3 | AK3: 4 | AL3: 5 | AM3: 6 | AN3: 8 | AO3: 10 | AP3: 16 | AQ3: 25 | AR3: 30 | AS3: 35 | AT3: STATUS VALIDAÇÃO | AU3: CR | AV3: CÓDIGO RELATÓRIO | AW3: NOME DO ARQUIVO | AX3: DATA | AY3: EMISSOR | AZ3: QTD AMOSTRAS | BA3: APROVADO | BB3: CÓDIGO FORNECEDOR | BC3: DATA | BD3: FORNECEDOR | BE3: QTD AMOSTRAS | BF3: APROVADO | BG3: DATA
A4: G00-SP294_1_X1.00 | B4: SOLDA LINEAR | C4: GMW17136 | D4: NA | G4: E16718500 | H4: =SUMPRODUCT(L3:AB3,L4:AB4) -> 2.5 | I4: =SUMPRODUCT(AC3:AS3,AC4:AS4) -> 0.1225 | J4: =H4+I4 -> 2.6225 | K4: 0,75+0,75+1,00X0,75+0,75 | L4: 0 | M4: 0 | N4: 2 | O4: 1 | P4: 0 | Q4: 0 | R4: 0 | S4: 0 | T4: 0 | U4: 0 | V4: 0 | W4: 0 | X4: 0 | Y4: 0 | Z4: 0 | AA4: 0 | AB4: 0 | AC4: 0.35 | AD4: 0 | AE4: 0 | AF4: 0 | AG4: 0 | AH4: 0 | AI4: 0 | AJ4: 0 | AK4: 0 | AL4: 0 | AM4: 0 | AN4: 0 | AO4: 0 | AP4: 0 | AQ4: 0 | AR4: 0 | AS4: 0 | AT4: =IF(ISERROR(_xlfn.XLOOKUP(_xlfn.CONCAT(G4&J4,IF(H4>I4,_xlfn.TEXTJOIN(,TRUE,L4:AB4,AC4:AS4),_xlfn.TEXTJOIN(,TRUE,AC4:AS4,L4:AB4))),Controle!BO:BO,Controle!BB:BB))=FALSE,"LOCALIZADO","NÃO LOCALIZADO") -> NÃO LOCALIZADO | AU4: =IF(AT4="NÃO LOCALIZADO","",_xlfn.XLOOKUP(_xlfn.CONCAT(G4&J4,IF(H4>I4,_xlfn.TEXTJOIN(,TRUE,L4:AB4,AC4:AS4),_xlfn.TEXTJOIN(,TRUE,AC4:AS4,L4:AB4))),Controle!BO:BO,Controle!AW:AW)) | AW4: =CONCATENATE("L1 (",H4,") + L2 (",I4,") ",G4," - 0101 - ",C4) -> L1 (2,5) + L2 (0,1225) E16718500 - 0101 - GMW17136 | AX4: 45395 | AY4: XXXXXXXXXXXXXXX | AZ4: 999 | BA4: SIM | BB4: 2311008-0/007 | BC4: 45394 | BD4: XXXXXXXXXXXXXXX | BE4: 99 | BF4: SIM | BG4: 45395
H5: =SUMPRODUCT(L4:AB4,L5:AB5) -> 0 | I5: =SUMPRODUCT(AC4:AS4,AC5:AS5) -> 0.175 | J5: =H5+I5 -> 0.175 | L5: 0 | M5: 0 | N5: 0 | O5: 0 | P5: 0 | Q5: 0 | R5: 0 | S5: 0 | T5: 0 | U5: 0 | V5: 0 | W5: 0 | X5: 0 | Y5: 0 | Z5: 0 | AA5: 0 | AB5: 0 | AC5: 0.5 | AD5: 0 | AE5: 0 | AF5: 0 | AG5: 0 | AH5: 0 | AI5: 0 | AJ5: 0 | AK5: 0 | AL5: 0 | AM5: 0 | AN5: 0 | AO5: 0 | AP5: 0 | AQ5: 0 | AR5: 0 | AS5: 0
A6: SP1792_1_X1 | B6: SOLDA LINEAR | C6: GMW17136 | G6: E16718500 | H6: =SUMPRODUCT(L5:AB5,L6:AB6) -> 0 | I6: =SUMPRODUCT(AC5:AS5,AC6:AS6) -> 0.175 | J6: =H6+I6 -> 0.175 | L6: 0.35 | M6: 0 | N6: 0 | O6: 0 | P6: 0 | Q6: 0 | R6: 0 | S6: 0 | T6: 0 | U6: 0 | V6: 0 | W6: 0 | X6: 0 | Y6: 0 | Z6: 0 | AA6: 0 | AB6: 0 | AC6: 0.35 | AD6: 0 | AE6: 0 | AF6: 0 | AG6: 0 | AH6: 0 | AI6: 0 | AJ6: 0 | AK6: 0 | AL6: 0 | AM6: 0 | AN6: 0 | AO6: 0 | AP6: 0 | AQ6: 0 | AR6: 0 | AS6: 0
A7: SP117_3_X1.00 | B7: SOLDA LINEAR | C7: GMW17136 | G7: E16718500 | H7: =SUMPRODUCT(L6:AB6,L7:AB7) -> 0.175 | I7: =SUMPRODUCT(AC6:AS6,AC7:AS7) -> 0.175 | J7: =H7+I7 -> 0.35 | L7: 0.5 | M7: 0.5 | N7: 0 | O7: 0 | P7: 0 | Q7: 0 | R7: 0 | S7: 0 | T7: 0 | U7: 0 | V7: 0 | W7: 0 | X7: 0 | Y7: 0 | Z7: 0 | AA7: 0 | AB7: 0 | AC7: 0.5 | AD7: 0 | AE7: 0 | AF7: 0 | AG7: 0 | AH7: 0 | AI7: 0 | AJ7: 0 | AK7: 0 | AL7: 0 | AM7: 0 | AN7: 0 | AO7: 0 | AP7: 0 | AQ7: 0 | AR7: 0 | AS7: 0
A8: SP2250_1_X1.01 | B8: SOLDA LINEAR | C8: GMW17136 | G8: E16725300 | H8: =SUMPRODUCT(L7:AB7,L8:AB8) -> 0.625 | I8: =SUMPRODUCT(AC7:AS7,AC8:AS8) -> 0.25 | J8: =H8+I8 -> 0.875 | L8: 0.75 | M8: 0.5 | N8: 0 | O8: 0 | P8: 0 | Q8: 0 | R8: 0 | S8: 0 | T8: 0 | U8: 0 | V8: 0 | W8: 0 | X8: 0 | Y8: 0 | Z8: 0 | AA8: 0 | AB8: 0 | AC8: 0.5 | AD8: 0.5 | AE8: 0 | AF8: 0 | AG8: 0 | AH8: 0 | AI8: 0 | AJ8: 0 | AK8: 0 | AL8: 0 | AM8: 0 | AN8: 0 | AO8: 0 | AP8: 0 | AQ8: 0 | AR8: 0 | AS8: 0
A9: SP117_3_X1 | B9: SOLDA LINEAR | C9: GMW17136 | G9: E16718500 | H9: =SUMPRODUCT(L8:AB8,L9:AB9) -> 0.8125 | I9: =SUMPRODUCT(AC8:AS8,AC9:AS9) -> 0.625 | J9: =H9+I9 -> 1.4375 | L9: 0.75 | M9: 0.5 | N9: 0 | O9: 0 | P9: 0 | Q9: 0 | R9: 0 | S9: 0 | T9: 0 | U9: 0 | V9: 0 | W9: 0 | X9: 0 | Y9: 0 | Z9: 0 | AA9: 0 | AB9: 0 | AC9: 0.5 | AD9: 0.75 | AE9: 0.5 | AF9: 0 | AG9: 0 | AH9: 0 | AI9: 0 | AJ9: 0 | AK9: 0 | AL9: 0 | AM9: 0 | AN9: 0 | AO9: 0 | AP9: 0 | AQ9: 0 | AR9: 0 | AS9: 0
A10: SP118_3_X1.00 | B10: SOLDA LINEAR | C10: GMW17136 | G10: E16718500 | H10: =SUMPRODUCT(L9:AB9,L10:AB10) -> 0.5625 | I10: =SUMPRODUCT(AC9:AS9,AC10:AS10) -> 0 | J10: =H10+I10 -> 0.5625 | L10: 0.75 | M10: 0 | N10: 0 | O10: 0 | P10: 0 | Q10: 0 | R10: 0 | S10: 0 | T10: 0 | U10: 0 | V10: 0 | W10: 0 | X10: 0 | Y10: 0 | Z10: 0 | AA10: 0 | AB10: 0 | AC10: 0 | AD10: 0 | AE10: 0 | AF10: 0 | AG10: 0 | AH10: 0 | AI10: 0 | AJ10: 0 | AK10: 0 | AL10: 0 | AM10: 0 | AN10: 0 | AO10: 0 | AP10: 0 | AQ10: 0 | AR10: 0 | AS10: 0
A11: SP201_3_X1.00 | B11: SOLDA TOPO | C11: GMW17136 | G11: E16718500 | H11: =SUMPRODUCT(L10:AB10,L11:AB11) -> 0 | I11: =SUMPRODUCT(AC10:AS10,AC11:AS11) -> 0 | J11: =H11+I11 -> 0 | L11: 0 | M11: 0 | N11: 0 | O11: 0 | P11: 0 | Q11: 0 | R11: 0 | S11: 0 | T11: 0 | U11: 0 | V11: 0 | W11: 0 | X11: 0 | Y11: 0 | Z11: 0 | AA11: 0 | AB11: 0 | AC11: 0.35 | AD11: 0.35 | AE11: 0 | AF11: 0 | AG11: 0 | AH11: 0 | AI11: 0 | AJ11: 0 | AK11: 0 | AL11: 0 | AM11: 0 | AN11: 0 | AO11: 0 | AP11: 0 | AQ11: 0 | AR11: 0 | AS11: 0
A12: SP2250_2_X1 | B12: SOLDA TOPO | C12: GMW17136 | G12: E16718500 | H12: =SUMPRODUCT(L11:AB11,L12:AB12) -> 0 | I12: =SUMPRODUCT(AC11:AS11,AC12:AS12) -> 0.2975 | J12: =H12+I12 -> 0.2975 | L12: 0.75 | M12: 0.75 | N12: 0.35 | O12: 0 | P12: 0 | Q12: 0 | R12: 0 | S12: 0 | T12: 0 | U12: 0 | V12: 0 | W12: 0 | X12: 0 | Y12: 0 | Z12: 0 | AA12: 0 | AB12: 0 | AC12: 0.35 | AD12: 0.5 | AE12: 0 | AF12: 0 | AG12: 0 | AH12: 0 | AI12: 0 | AJ12: 0 | AK12: 0 | AL12: 0 | AM12: 0 | AN12: 0 | AO12: 0 | AP12: 0 | AQ12: 0 | AR12: 0 | AS12: 0
A13: SP2250_1_X1 | B13: SOLDA LINEAR | C13: GMW17136 | G13: E16725300 | H13: =SUMPRODUCT(L12:AB12,L13:AB13) -> 0.9375 | I13: =SUMPRODUCT(AC12:AS12,AC13:AS13) -> 0.2975 | J13: =H13+I13 -> 1.235 | L13: 0.75 | M13: 0.5 | N13: 0 | O13: 0 | P13: 0 | Q13: 0 | R13: 0 | S13: 0 | T13: 0 | U13: 0 | V13: 0 | W13: 0 | X13: 0 | Y13: 0 | Z13: 0 | AA13: 0 | AB13: 0 | AC13: 0.35 | AD13: 0.35 | AE13: 0.35 | AF13: 0 | AG13: 0 | AH13: 0 | AI13: 0 | AJ13: 0 | AK13: 0 | AL13: 0 | AM13: 0 | AN13: 0 | AO13: 0 | AP13: 0 | AQ13: 0 | AR13: 0 | AS13: 0
A14: SP2250_1_X1.06 | B14: SOLDA LINEAR | C14: GMW17136 | G14: E16725300 | H14: =SUMPRODUCT(L13:AB13,L14:AB14) -> 0.6375 | I14: =SUMPRODUCT(AC13:AS13,AC14:AS14) -> 0.6125 | J14: =H14+I14 -> 1.25 | L14: 0.35 | M14: 0.75 | N14: 0 | O14: 0 | P14: 0 | Q14: 0 | R14: 0 | S14: 0 | T14: 0 | U14: 0 | V14: 0 | W14: 0 | X14: 0 | Y14: 0 | Z14: 0 | AA14: 0 | AB14: 0 | AC14: 0.5 | AD14: 0.5 | AE14: 0.75 | AF14: 0 | AG14: 0 | AH14: 0 | AI14: 0 | AJ14: 0 | AK14: 0 | AL14: 0 | AM14: 0 | AN14: 0 | AO14: 0 | AP14: 0 | AQ14: 0 | AR14: 0 | AS14: 0
A15: SP6817_1_X1.01 | B15: SOLDA LINEAR | C15: GMW17136 | G15: E16718500 | H15: =SUMPRODUCT(L14:AB14,L15:AB15) -> 0.385 | I15: =SUMPRODUCT(AC14:AS14,AC15:AS15) -> 0.375 | J15: =H15+I15 -> 0.76 | L15: 0.35 | M15: 0.35 | N15: 0.35 | O15: 0 | P15: 0 | Q15: 0 | R15: 0 | S15: 0 | T15: 0 | U15: 0 | V15: 0 | W15: 0 | X15: 0 | Y15: 0 | Z15: 0 | AA15: 0 | AB15: 0 | AC15: 0.75 | AD15: 0 | AE15: 0 | AF15: 0 | AG15: 0 | AH15: 0 | AI15: 0 | AJ15: 0 | AK15: 0 | AL15: 0 | AM15: 0 | AN15: 0 | AO15: 0 | AP15: 0 | AQ15: 0 | AR15: 0 | AS15: 0
A16: SP1740_1_X1 | B16: SOLDA LINEAR | C16: GMW17136 | G16: E16718500 | H16: =SUMPRODUCT(L15:AB15,L16:AB16) -> 0.175 | I16: =SUMPRODUCT(AC15:AS15,AC16:AS16) -> 0.2625 | J16: =H16+I16 -> 0.4375 | L16: 0.5 | M16: 0 | N16: 0 | O16: 0 | P16: 0 | Q16: 0 | R16: 0 | S16: 0 | T16: 0 | U16: 0 | V16: 0 | W16: 0 | X16: 0 | Y16: 0 | Z16: 0 | AA16: 0 | AB16: 0 | AC16: 0.35 | AD16: 0.35 | AE16: 0.5 | AF16: 0 | AG16: 0 | AH16: 0 | AI16: 0 | AJ16: 0 | AK16: 0 | AL16: 0 | AM16: 0 | AN16: 0 | AO16: 0 | AP16: 0 | AQ16: 0 | AR16: 0 | AS16: 0
A17: SP1740_1_X1.00 | B17: SOLDA LINEAR | C17: GMW17136 | G17: E16718500 | H17: =SUMPRODUCT(L16:AB16,L17:AB17) -> 0.25 | I17: =SUMPRODUCT(AC16:AS16,AC17:AS17) -> 0.42 | J17: =H17+I17 -> 0.67 | L17: 0.5 | M17: 0.5 | N17: 0.5 | O17: 0 | P17: 0 | Q17: 0 | R17: 0 | S17: 0 | T17: 0 | U17: 0 | V17: 0 | W17: 0 | X17: 0 | Y17: 0 | Z17: 0 | AA17: 0 | AB17: 0 | AC17: 0.35 | AD17: 0.35 | AE17: 0.35 | AF17: 0 | AG17: 0 | AH17: 0 | AI17: 0 | AJ17: 0 | AK17: 0 | AL17: 0 | AM17: 0 | AN17: 0 | AO17: 0 | AP17: 0 | AQ17: 0 | AR17: 0 | AS17: 0
... A25: SP2350_1_X1.00 | B25: SOLDA LINEAR | C25: GMW17136 | G25: E16725300 | H25: =SUMPRODUCT(L24:AB24,L25:AB25) -> 0 | I25: =SUMPRODUCT(AC24:AS24,AC25:AS25) -> 0 | J25: =H25+I25 -> 0 | L25: 2.5 | M25: 0.5 | N25: 0 | O25: 0 | P25: 0 | Q25: 0 | R25: 0 | S25: 0 | T25: 0 | U25: 0 | V25: 0 | W25: 0 | X25: 0 | Y25: 0 | Z25: 0 | AA25: 0 | AB25: 0 | AC25: 0 | AD25: 0 | AE25: 0 | AF25: 0 | AG25: 0 | AH25: 0 | AI25: 0 | AJ25: 0 | AK25: 0 | AL25: 0 | AM25: 0 | AN25: 0 | AO25: 0 | AP25: 0 | AQ25: 0 | AR25: 0 | AS25: 0
H26: =SUMPRODUCT(L25:AB25,L26:AB26) -> 0 | I26: =SUMPRODUCT(AC25:AS25,AC26:AS26) -> 0 | J26: =H26+I26 -> 0 | L26: 0 | M26: 0 | N26: 0 | O26: 0 | P26: 0 | Q26: 0 | R26: 0 | S26: 0 | T26: 0 | U26: 0 | V26: 0 | W26: 0 | X26: 0 | Y26: 0 | Z26: 0 | AA26: 0 | AB26: 0 | AC26: 0 | AD26: 0 | AE26: 0 | AF26: 0 | AG26: 0 | AH26: 0 | AI26: 0 | AJ26: 0 | AK26: 0 | AL26: 0 | AM26: 0 | AN26: 0 | AO26: 0 | AP26: 0 | AQ26: 0 | AR26: 0 | AS26: 0
H27: =SUMPRODUCT(L26:AB26,L27:AB27) -> 0 | I27: =SUMPRODUCT(AC26:AS26,AC27:AS27) -> 0 | J27: =H27+I27 -> 0 | L27: 0 | M27: 0 | N27: 0 | O27: 0 | P27: 0 | Q27: 0 | R27: 0 | S27: 0 | T27: 0 | U27: 0 | V27: 0 | W27: 0 | X27: 0 | Y27: 0 | Z27: 0 | AA27: 0 | AB27: 0 | AC27: 0 | AD27: 0 | AE27: 0 | AF27: 0 | AG27: 0 | AH27: 0 | AI27: 0 | AJ27: 0 | AK27: 0 | AL27: 0 | AM27: 0 | AN27: 0 | AO27: 0 | AP27: 0 | AQ27: 0 | AR27: 0 | AS27: 0
H28: =SUMPRODUCT(L27:AB27,L28:AB28) -> 0 | I28: =SUMPRODUCT(AC27:AS27,AC28:AS28) -> 0 | J28: =H28+I28 -> 0 | L28: 0 | M28: 0 | N28: 0 | O28: 0 | P28: 0 | Q28: 0 | R28: 0 | S28: 0 | T28: 0 | U28: 0 | V28: 0 | W28: 0 | X28: 0 | Y28: 0 | Z28: 0 | AA28: 0 | AB28: 0 | AC28: 0 | AD28: 0 | AE28: 0 | AF28: 0 | AG28: 0 | AH28: 0 | AI28: 0 | AJ28: 0 | AK28: 0 | AL28: 0 | AM28: 0 | AN28: 0 | AO28: 0 | AP28: 0 | AQ28: 0 | AR28: 0 | AS28: 0
H29: =SUMPRODUCT(L28:AB28,L29:AB29) -> 0 | I29: =SUMPRODUCT(AC28:AS28,AC29:AS29) -> 0 | J29: =H29+I29 -> 0 | L29: 0 | M29: 0 | N29: 0 | O29: 0 | P29: 0 | Q29: 0 | R29: 0 | S29: 0 | T29: 0 | U29: 0 | V29: 0 | W29: 0 | X29: 0 | Y29: 0 | Z29: 0 | AA29: 0 | AB29: 0 | AC29: 0 | AD29: 0 | AE29: 0 | AF29: 0 | AG29: 0 | AH29: 0 | AI29: 0 | AJ29: 0 | AK29: 0 | AL29: 0 | AM29: 0 | AN29: 0 | AO29: 0 | AP29: 0 | AQ29: 0 | AR29: 0 | AS29: 0
H30: =SUMPRODUCT(L29:AB29,L30:AB30) -> 0 | I30: =SUMPRODUCT(AC29:AS29,AC30:AS30) -> 0 | J30: =H30+I30 -> 0 | L30: 0 | M30: 0 | N30: 0 | O30: 0 | P30: 0 | Q30: 0 | R30: 0 | S30: 0 | T30: 0 | U30: 0 | V30: 0 | W30: 0 | X30: 0 | Y30: 0 | Z30: 0 | AA30: 0 | AB30: 0 | AC30: 0 | AD30: 0 | AE30: 0 | AF30: 0 | AG30: 0 | AH30: 0 | AI30: 0 | AJ30: 0 | AK30: 0 | AL30: 0 | AM30: 0 | AN30: 0 | AO30: 0 | AP30: 0 | AQ30: 0 | AR30: 0 | AS30: 0
H31: =SUMPRODUCT(L30:AB30,L31:AB31) -> 0 | I31: =SUMPRODUCT(AC30:AS30,AC31:AS31) -> 0 | J31: =H31+I31 -> 0 | L31: 0 | M31: 0 | N31: 0 | O31: 0 | P31: 0 | Q31: 0 | R31: 0 | S31: 0 | T31: 0 | U31: 0 | V31: 0 | W31: 0 | X31: 0 | Y31: 0 | Z31: 0 | AA31: 0 | AB31: 0 | AC31: 0 | AD31: 0 | AE31: 0 | AF31: 0 | AG31: 0 | AH31: 0 | AI31: 0 | AJ31: 0 | AK31: 0 | AL31: 0 | AM31: 0 | AN31: 0 | AO31: 0 | AP31: 0 | AQ31: 0 | AR31: 0 | AS31: 0
H32: =SUMPRODUCT(L31:AB31,L32:AB32) -> 0 | I32: =SUMPRODUCT(AC31:AS31,AC32:AS32) -> 0 | J32: =H32+I32 -> 0 | L32: 0 | M32: 0 | N32: 0 | O32: 0 | P32: 0 | Q32: 0 | R32: 0 | S32: 0 | T32: 0 | U32: 0 | V32: 0 | W32: 0 | X32: 0 | Y32: 0 | Z32: 0 | AA32: 0 | AB32: 0 | AC32: 0 | AD32: 0 | AE32: 0 | AF32: 0 | AG32: 0 | AH32: 0 | AI32: 0 | AJ32: 0 | AK32: 0 | AL32: 0 | AM32: 0 | AN32: 0 | AO32: 0 | AP32: 0 | AQ32: 0 | AR32: 0 | AS32: 0
H33: =SUMPRODUCT(L32:AB32,L33:AB33) -> 0 | I33: =SUMPRODUCT(AC32:AS32,AC33:AS33) -> 0 | J33: =H33+I33 -> 0 | L33: 0 | M33: 0 | N33: 0 | O33: 0 | P33: 0 | Q33: 0 | R33: 0 | S33: 0 | T33: 0 | U33: 0 | V33: 0 | W33: 0 | X33: 0 | Y33: 0 | Z33: 0 | AA33: 0 | AB33: 0 | AC33: 0 | AD33: 0 | AE33: 0 | AF33: 0 | AG33: 0 | AH33: 0 | AI33: 0 | AJ33: 0 | AK33: 0 | AL33: 0 | AM33: 0 | AN33: 0 | AO33: 0 | AP33: 0 | AQ33: 0 | AR33: 0 | AS33: 0
H34: =SUMPRODUCT(L33:AB33,L34:AB34) -> 0 | I34: =SUMPRODUCT(AC33:AS33,AC34:AS34) -> 0 | J34: =H34+I34 -> 0 | L34: 0 | M34: 0 | N34: 0 | O34: 0 | P34: 0 | Q34: 0 | R34: 0 | S34: 0 | T34: 0 | U34: 0 | V34: 0 | W34: 0 | X34: 0 | Y34: 0 | Z34: 0 | AA34: 0 | AB34: 0 | AC34: 0 | AD34: 0 | AE34: 0 | AF34: 0 | AG34: 0 | AH34: 0 | AI34: 0 | AJ34: 0 | AK34: 0 | AL34: 0 | AM34: 0 | AN34: 0 | AO34: 0 | AP34: 0 | AQ34: 0 | AR34: 0 | AS34: 0
H35: =SUMPRODUCT(L34:AB34,L35:AB35) -> 0 | I35: =SUMPRODUCT(AC34:AS34,AC35:AS35) -> 0 | J35: =H35+I35 -> 0 | L35: 0 | M35: 0 | N35: 0 | O35: 0 | P35: 0 | Q35: 0 | R35: 0 | S35: 0 | T35: 0 | U35: 0 | V35: 0 | W35: 0 | X35: 0 | Y35: 0 | Z35: 0 | AA35: 0 | AB35: 0 | AC35: 0 | AD35: 0 | AE35: 0 | AF35: 0 | AG35: 0 | AH35: 0 | AI35: 0 | AJ35: 0 | AK35: 0 | AL35: 0 | AM35: 0 | AN35: 0 | AO35: 0 | AP35: 0 | AQ35: 0 | AR35: 0 | AS35: 0
H36: =SUMPRODUCT(L35:AB35,L36:AB36) -> 0 | I36: =SUMPRODUCT(AC35:AS35,AC36:AS36) -> 0 | J36: =H36+I36 -> 0 | L36: 0 | M36: 0 | N36: 0 | O36: 0 | P36: 0 | Q36: 0 | R36: 0 | S36: 0 | T36: 0 | U36: 0 | V36: 0 | W36: 0 | X36: 0 | Y36: 0 | Z36: 0 | AA36: 0 | AB36: 0 | AC36: 0 | AD36: 0 | AE36: 0 | AF36: 0 | AG36: 0 | AH36: 0 | AI36: 0 | AJ36: 0 | AK36: 0 | AL36: 0 | AM36: 0 | AN36: 0 | AO36: 0 | AP36: 0 | AQ36: 0 | AR36: 0 | AS36: 0
H37: =SUMPRODUCT(L36:AB36,L37:AB37) -> 0 | I37: =SUMPRODUCT(AC36:AS36,AC37:AS37) -> 0 | J37: =H37+I37 -> 0 | L37: 0 | M37: 0 | N37: 0 | O37: 0 | P37: 0 | Q37: 0 | R37: 0 | S37: 0 | T37: 0 | U37: 0 | V37: 0 | W37: 0 | X37: 0 | Y37: 0 | Z37: 0 | AA37: 0 | AB37: 0 | AC37: 0 | AD37: 0 | AE37: 0 | AF37: 0 | AG37: 0 | AH37: 0 | AI37: 0 | AJ37: 0 | AK37: 0 | AL37: 0 | AM37: 0 | AN37: 0 | AO37: 0 | AP37: 0 | AQ37: 0 | AR37: 0 | AS37: 0
... H50: =SUMPRODUCT(L49:AB49,L50:AB50) -> 0 | I50: =SUMPRODUCT(AC49:AS49,AC50:AS50) -> 0 | J50: =H50+I50 -> 0 | L50: 0 | M50: 0 | N50: 0 | O50: 0 | P50: 0 | Q50: 0 | R50: 0 | S50: 0 | T50: 0 | U50: 0 | V50: 0 | W50: 0 | X50: 0 | Y50: 0 | Z50: 0 | AA50: 0 | AB50: 0 | AC50: 0 | AD50: 0 | AE50: 0 | AF50: 0 | AG50: 0 | AH50: 0 | AI50: 0 | AJ50: 0 | AK50: 0 | AL50: 0 | AM50: 0 | AN50: 0 | AO50: 0 | AP50: 0 | AQ50: 0 | AR50: 0 | AS50: 0
D55: NA

Sheet Status Validação
A1: STATUS
A2: SOLICITADO CR
A3: VALIDAÇÃO CONCLUIDA
A4: VALIDAÇÃO EM ANDAMENTO
A5: SEM VALIDAÇÃO

Sheet Controle
C1: FAMILIA | E1: CONFIGURAÇÃO | O1: CONFIGURAÇÃO LADO 1 | AF1: CONFIGURAÇÃO LADO 2 | AW1: COTAÇÃO | BA1: RELATÓRIO | BM1: RELATÓRIO DE VALIDAÇÃO EXTERNA | BO1: CHAVE PRIMÁRIA
A2: PROJETO | B2: NORMA | C2: CÓDIGO | D2: DESCRIÇÃO | E2: PROCESSO | F2: ITEM REF. | G2: CÓDIGO-ITEM REF. | H2: ISOLAÇÃO CABO | I2: TERMINAL | J2: SELO | K2: TERMO | L2: LADO 1 | M2: LADO 2 | N2: TOTAL | O2: 0.35 | P2: 0.5 | Q2: 0.75 | R2: 1 | S2: 1.5 | T2: 2 | U2: 2.5 | V2: 3 | W2: 4 | X2: 5 | Y2: 6 | Z2: 8 | AA2: 10 | AB2: 16 | AC2: 25 | AD2: 30 | AE2: 35 | AF2: 0.35 | AG2: 0.5 | AH2: 0.75 | AI2: 1 | AJ2: 1.5 | AK2: 2 | AL2: 2.5 | AM2: 3 | AN2: 4 | AO2: 5 | AP2: 6 | AQ2: 8 | AR2: 10 | AS2: 16 | AT2: 25 | AU2: 30 | AV2: 35 | AW2: CR | AX2: PROJETO | AY2: TIPO VERBA | AZ2: VALOR UNIT. | BA2: AMOSTRAS | BB2: CÓDIGO | BC2: DATA | BD2: EMISSOR | BE2: REVISADOR | BF2: APROVADOR | BG2: DT / VT | BH2: RC | BI2: PO | BJ2: SENF | BK2: ORDEM DE REMESSA | BL2: NF | BM2: CODIGO | BN2: FORNECEDOR | BO2: CHAVE GMW | BP2: CHAVE USCAR45 | BQ2: BUSQUEDA GMW
A3: GEM | B3: GMW17136 | D3: =IF(_xlfn.XLOOKUP(C3,'Tabela de Familias'!A:A,'Tabela de Familias'!B:B)="","") | F3: SP294_1_X1.00 | G3: =IF(F3="","",C3&"-"&F3) -> -SP294_1_X1.00 | K3: E16718500 | L3: {=SUMPRODUCT(O3:AE3*$O$2:$AE$2)} -> 2.5 | M3: {=SUMPRODUCT(AF3:AV3*$AF$2:$AV$2)} -> 1.5 | N3: =L3+M3 -> 4 | O3: 0 | P3: 0 | Q3: 2 | R3: 1 | S3: 0 | T3: 0 | U3: 0 | V3: 0 | W3: 0 | X3: 0 | Y3: 0 | Z3: 0 | AA3: 0 | AB3: 0 | AC3: 0 | AD3: 0 | AE3: 0 | AF3: 0 | AG3: 0 | AH3: 2 | AI3: 0 | AJ3: 0 | AK3: 0 | AL3: 0 | AM3: 0 | AN3: 0 | AO3: 0 | AP3: 0 | AQ3: 0 | AR3: 0 | AS3: 0 | AT3: 0 | AU3: 0 | AV3: 0 | AW3: NA | AY3: NA | AZ3: NA | BA3: 5 | BB3: 184 | BE3: NA | BG3: NA | BH3: NA | BI3: NA | BJ3: NA | BK3: NA | BL3: NA | BM3: XXXXXXXX | BN3: ITEN | BO3: =IF(F3="","",_xlfn.CONCAT(K3&N3,IF(L3>M3,_xlfn.TEXTJOIN(,TRUE,O3:AV3),_xlfn.TEXTJOIN(,TRUE,AF3:AV3,O3:AE3)))) -> E1671850040021000000000000000200000000000000 | BP3: =_xlfn.CONCAT(B3,N3,IF(L3>M3,_xlfn.TEXTJOIN(,TRUE,O3:AV3),_xlfn.TEXTJOIN(,TRUE,AF3:AV3,O3:AE3))) -> GMW1713640021000000000000000200000000000000 | BQ3: =_xlfn.XLOOKUP(BO3,[1]Planilha1!$BU:$BU,[1]Planilha1!$BU:$BU,"",0,1)
A4: GEM | B4: GMW17136 | D4: =IF(_xlfn.XLOOKUP(C4,'Tabela de Familias'!A:A,'Tabela de Familias'!B:B)="","") | F4: SP3350_1_X1 | G4: =IF(F4="","",C4&"-"&F4) -> -SP3350_1_X1 | K4: 3299362G2 | L4: {=SUMPRODUCT(O4:AE4*$O$2:$AE$2)} -> 3.5 | M4: {=SUMPRODUCT(AF4:AV4*$AF$2:$AV$2)} -> 3 | N4: =L4+M4 -> 6.5 | O4: 0 | P4: 0 | Q4: 0 | R4: 1 | S4: 0 | T4: 0 | U4: 1 | V4: 0 | W4: 0 | X4: 0 | Y4: 0 | Z4: 0 | AA4: 0 | AB4: 0 | AC4: 0 | AD4: 0 | AE4: 0 | AF4: 0 | AG4: 1 | AH4: 0 | AI4: 0 | AJ4: 0 | AK4: 0 | AL4: 1 | AM4: 0 | AN4: 0 | AO4: 0 | AP4: 0 | AQ4: 0 | AR4: 0 | AS4: 0 | AT4: 0 | AU4: 0 | AV4: 0 | AW4: NA | AY4: NA | AZ4: NA | BA4: 125 | BB4: 186 | BE4: NA | BG4: NA | BH4: NA | BI4: NA | BJ4: NA | BK4: NA | BL4: NA | BO4: =IF(F4="","",_xlfn.CONCAT(K4&N4,IF(L4>M4,_xlfn.TEXTJOIN(,TRUE,O4:AV4),_xlfn.TEXTJOIN(,TRUE,AF4:AV4,O4:AE4)))) -> 3299362G26,50001001000000000001000010000000000 | BP4: =_xlfn.CONCAT(B4,N4,IF(L4>M4,_xlfn.TEXTJOIN(,TRUE,O4:AV4),_xlfn.TEXTJOIN(,TRUE,AF4:AV4,O4:AE4))) -> GMW171366,50001001000000000001000010000000000 | BQ4: =_xlfn.XLOOKUP(BO4,[1]Planilha1!$BU:$BU,[1]Planilha1!$BU:$BU,"",0,1)
A5: GEM | B5: GMW17136 | D5: =IF(_xlfn.XLOOKUP(C5,'Tabela de Familias'!A:A,'Tabela de Familias'!B:B)="","") | F5: MULTI-47_X633G101_ | G5: =IF(F5="","",C5&"-"&F5) -> -MULTI-47_X633G101_ | K5: 3299365JY | L5: {=SUMPRODUCT(O5:AE5*$O$2:$AE$2)} -> 3 | M5: {=SUMPRODUCT(AF5:AV5*$AF$2:$AV$2)} -> 0 | N5: =L5+M5 -> 3 | O5: 0 | P5: 2 | Q5: 0 | R5: 0 | S5: 0 | T5: 1 | U5: 0 | V5: 0 | W5: 0 | X5: 0 | Y5: 0 | Z5: 0 | AA5: 0 | AB5: 0 | AC5: 0 | AD5: 0 | AE5: 0 | AF5: 0 | AG5: 0 | AH5: 0 | AI5: 0 | AJ5: 0 | AK5: 0 | AL5: 0 | AM5: 0 | AN5: 0 | AO5: 0 | AP5: 0 | AQ5: 0 | AR5: 0 | AS5: 0 | AT5: 0 | AU5: 0 | AV5: 0 | AW5: NA | AY5: NA | AZ5: NA | BA5: 3 | BB5: 0001BBT | BE5: NA | BG5: NA | BH5: NA | BI5: NA | BJ5: NA | BK5: NA | BL5: NA | BO5: =IF(F5="","",_xlfn.CONCAT(K5&N5,IF(L5>M5,_xlfn.TEXTJOIN(,TRUE,O5:AV5),_xlfn.TEXTJOIN(,TRUE,AF5:AV5,O5:AE5)))) -> 3299365JY30200010000000000000000000000000000 | BP5: =_xlfn.CONCAT(B5,N5,IF(L5>M5,_xlfn.TEXTJOIN(,TRUE,O5:AV5),_xlfn.TEXTJOIN(,TRUE,AF5:AV5,O5:AE5))) -> GMW1713630200010000000000000000000000000000 | BQ5: =_xlfn.XLOOKUP(BO5,[1]Planilha1!$BU:$BU,[1]Planilha1!$BU:$BU,"",0,1)
A6: GEM | B6: GMW17136 | D6: =IF(_xlfn.XLOOKUP(C6,'Tabela de Familias'!A:A,'Tabela de Familias'!B:B)="","") | F6: SP1301.00 | G6: =IF(F6="","",C6&"-"&F6) -> -SP1301.00 | K6: E14168900 | L6: {=SUMPRODUCT(O6:AE6*$O$2:$AE$2)} -> 0 | M6: {=SUMPRODUCT(AF6:AV6*$AF$2:$AV$2)} -> 3 | N6: =L6+M6 -> 3 | O6: 0 | P6: 0 | Q6: 0 | R6: 0 | S6: 0 | T6: 0 | U6: 0 | V6: 0 | W6: 0 | X6: 0 | Y6: 0 | Z6: 0 | AA6: 0 | AB6: 0 | AC6: 0 | AD6: 0 | AE6: 0 | AF6: 0 | AG6: 0 | AH6: 0 | AI6: 3 | AJ6: 0 | AK6: 0 | AL6: 0 | AM6: 0 | AN6: 0 | AO6: 0 | AP6: 0 | AQ6: 0 | AR6: 0 | AS6: 0 | AT6: 0 | AU6: 0 | AV6: 0 | AW6: NA | AY6: NA | AZ6: NA | BA6: 3 | BB6: 00100BBT | BE6: NA | BG6: NA | BH6: NA | BI6: NA | BJ6: NA | BK6: NA | BL6: NA | BO6: =IF(F6="","",_xlfn.CONCAT(K6&N6,IF(L6>M6,_xlfn.TEXTJOIN(,TRUE,O6:AV6),_xlfn.TEXTJOIN(,TRUE,AF6:AV6,O6:AE6)))) -> E1416890030003000000000000000000000000000000 | BP6: =_xlfn.CONCAT(B6,N6,IF(L6>M6,_xlfn.TEXTJOIN(,TRUE,O6:AV6),_xlfn.TEXTJOIN(,TRUE,AF6:AV6,O6:AE6))) -> GMW1713630003000000000000000000000000000000 | BQ6: =_xlfn.XLOOKUP(BO6,[1]Planilha1!$BU:$BU,[1]Planilha1!$BU:$BU,"",0,1)
A7: GEM | B7: GMW17136 | D7: =IF(_xlfn.XLOOKUP(C7,'Tabela de Familias'!A:A,'Tabela de Familias'!B:B)="","") | F7: SP1798.00 | G7: =IF(F7="","",C7&"-"&F7) -> -SP1798.00 | K7: E14168800 | L7: {=SUMPRODUCT(O7:AE7*$O$2:$AE$2)} -> 1.05 | M7: {=SUMPRODUCT(AF7:AV7*$AF$2:$AV$2)} -> 0.35 | N7: =L7+M7 -> 1.4 | O7: 3 | P7: 0 | Q7: 0 | R7: 0 | S7: 0 | T7: 0 | U7: 0 | V7: 0 | W7: 0 | X7: 0 | Y7: 0 | Z7: 0 | AA7: 0 | AB7: 0 | AC7: 0 | AD7: 0 | AE7: 0 | AF7: 1 | AG7: 0 | AH7: 0 | AI7: 0 | AJ7: 0 | AK7: 0 | AL7: 0 | AM7: 0 | AN7: 0 | AO7: 0 | AP7: 0 | AQ7: 0 | AR7: 0 | AS7: 0 | AT7: 0 | AU7: 0 | AV7: 0 | AW7: NA | AY7: NA | AZ7: NA | BA7: 3 | BB7: 00101BBT | BE7: NA | BG7: NA | BH7: NA | BI7: NA | BJ7: NA | BK7: NA | BL7: NA | BO7: =IF(F7="","",_xlfn.CONCAT(K7&N7,IF(L7>M7,_xlfn.TEXTJOIN(,TRUE,O7:AV7),_xlfn.TEXTJOIN(,TRUE,AF7:AV7,O7:AE7)))) -> E141688001,43000000000000000010000000000000000 | BP7: =_xlfn.CONCAT(B7,N7,IF(L7>M7,_xlfn.TEXTJOIN(,TRUE,O7:AV7),_xlfn.TEXTJOIN(,TRUE,AF7:AV7,O7:AE7))) -> GMW171361,43000000000000000010000000000000000 | BQ7: =_xlfn.XLOOKUP(BO7,[1]Planilha1!$BU:$BU,[1]Planilha1!$BU:$BU,"",0,1)
A8: GEM | B8: GMW17136 | D8: =IF(_xlfn.XLOOKUP(C8,'Tabela de Familias'!A:A,'Tabela de Familias'!B:B)="","") | F8: SP1940 | G8: =IF(F8="","",C8&"-"&F8) -> -SP1940 | K8: E14168900 | L8: {=SUMPRODUCT(O8:AE8*$O$2:$AE$2)} -> 1.05 | M8: {=SUMPRODUCT(AF8:AV8*$AF$2:$AV$2)} -> 0.35 | N8: =L8+M8 -> 1.4 | O8: 3 | P8: 0 | Q8: 0 | R8: 0 | S8: 0 | T8: 0 | U8: 0 | V8: 0 | W8: 0 | X8: 0 | Y8: 0 | Z8: 0 | AA8: 0 | AB8: 0 | AC8: 0 | AD8: 0 | AE8: 0 | AF8: 1 | AG8: 0 | AH8: 0 | AI8: 0 | AJ8: 0 | AK8: 0 | AL8: 0 | AM8: 0 | AN8: 0 | AO8: 0 | AP8: 0 | AQ8: 0 | AR8: 0 | AS8: 0 | AT8: 0 | AU8: 0 | AV8: 0 | AW8: NA | AY8: NA | AZ8: NA | BA8: 3 | BB8: 00102BBT | BE8: NA | BG8: NA | BH8: NA | BI8: NA | BJ8: NA | BK8: NA | BL8: NA | BO8: =IF(F8="","",_xlfn.CONCAT(K8&N8,IF(L8>M8,_xlfn.TEXTJOIN(,TRUE,O8:AV8),_xlfn.TEXTJOIN(,TRUE,AF8:AV8,O8:AE8)))) -> E141689001,43000000000000000010000000000000000 | BP8: =_xlfn.CONCAT(B8,N8,IF(L8>M8,_xlfn.TEXTJOIN(,TRUE,O8:AV8),_xlfn.TEXTJOIN(,TRUE,AF8:AV8,O8:AE8))) -> GMW171361,43000000000000000010000000000000000 | BQ8: =_xlfn.XLOOKUP(BO8,[1]Planilha1!$BU:$BU,[1]Planilha1!$BU:$BU,"",0,1)
A9: GEM | B9: GMW17136 | D9: =IF(_xlfn.XLOOKUP(C9,'Tabela de Familias'!A:A,'Tabela de Familias'!B:B)="","") | F9: SP200 | G9: =IF(F9="","",C9&"-"&F9) -> -SP200 | K9: E14168800 | L9: {=SUMPRODUCT(O9:AE9*$O$2:$AE$2)} -> 1 | M9: {=SUMPRODUCT(AF9:AV9*$AF$2:$AV$2)} -> 0.5 | N9: =L9+M9 -> 1.5 | O9: 0 | P9: 2 | Q9: 0 | R9: 0 | S9: 0 | T9: 0 | U9: 0 | V9: 0 | W9: 0 | X9: 0 | Y9: 0 | Z9: 0 | AA9: 0 | AB9: 0 | AC9: 0 | AD9: 0 | AE9: 0 | AF9: 0 | AG9: 1 | AH9: 0 | AI9: 0 | AJ9: 0 | AK9: 0 | AL9: 0 | AM9: 0 | AN9: 0 | AO9: 0 | AP9: 0 | AQ9: 0 | AR9: 0 | AS9: 0 | AT9: 0 | AU9: 0 | AV9: 0 | AW9: NA | AY9: NA | AZ9: NA | BA9: 3 | BB9: 00103BBT | BE9: NA | BG9: NA | BH9: NA | BI9: NA | BJ9: NA | BK9: NA | BL9: NA | BO9: =IF(F9="","",_xlfn.CONCAT(K9&N9,IF(L9>M9,_xlfn.TEXTJOIN(,TRUE,O9:AV9),_xlfn.TEXTJOIN(,TRUE,AF9:AV9,O9:AE9)))) -> E141688001,50200000000000000001000000000000000 | BP9: =_xlfn.CONCAT(B9,N9,IF(L9>M9,_xlfn.TEXTJOIN(,TRUE,O9:AV9),_xlfn.TEXTJOIN(,TRUE,AF9:AV9,O9:AE9))) -> GMW171361,50200000000000000001000000000000000 | BQ9: =_xlfn.XLOOKUP(BO9,[1]Planilha1!$BU:$BU,[1]Planilha1!$BU:$BU,"",0,1)
A10: GEM | B10: GMW17136 | D10: =IF(_xlfn.XLOOKUP(C10,'Tabela de Familias'!A:A,'Tabela de Familias'!B:B)="","") | F10: SP200.00 | G10: =IF(F10="","",C10&"-"&F10) -> -SP200.00 | K10: E14168800 | L10: {=SUMPRODUCT(O10:AE10*$O$2:$AE$2)} -> 1.5 | M10: {=SUMPRODUCT(AF10:AV10*$AF$2:$AV$2)} -> 0 | N10: =L10+M10 -> 1.5 | O10: 0 | P10: 3 | Q10: 0 | R10: 0 | S10: 0 | T10: 0 | U10: 0 | V10: 0 | W10: 0 | X10: 0 | Y10: 0 | Z10: 0 | AA10: 0 | AB10: 0 | AC10: 0 | AD10: 0 | AE10: 0 | AF10: 0 | AG10: 0 | AH10: 0 | AI10: 0 | AJ10: 0 | AK10: 0 | AL10: 0 | AM10: 0 | AN10: 0 | AO10: 0 | AP10: 0 | AQ10: 0 | AR10: 0 | AS10: 0 | AT10: 0 | AU10: 0 | AV10: 0 | AW10: NA | AY10: NA | AZ10: NA | BA10: 3 | BB10: 00104BBT | BE10: NA | BG10: NA | BH10: NA | BI10: NA | BJ10: NA | BK10: NA | BL10: NA | BO10: =IF(F10="","",_xlfn.CONCAT(K10&N10,IF(L10>M10,_xlfn.TEXTJOIN(,TRUE,O10:AV10),_xlfn.TEXTJOIN(,TRUE,AF10:AV10,O10:AE10)))) -> E141688001,50300000000000000000000000000000000 | BP10: =_xlfn.CONCAT(B10,N10,IF(L10>M10,_xlfn.TEXTJOIN(,TRUE,O10:AV10),_xlfn.TEXTJOIN(,TRUE,AF10:AV10,O10:AE10))) -> GMW171361,50300000000000000000000000000000000 | BQ10: =_xlfn.XLOOKUP(BO10,[1]Planilha1!$BU:$BU,[1]Planilha1!$BU:$BU,"",0,1)
A11: GEM | B11: GMW17136 | D11: =IF(_xlfn.XLOOKUP(C11,'Tabela de Familias'!A:A,'Tabela de Familias'!B:B)="","") | F11: SP201 | G11: =IF(F11="","",C11&"-"&F11) -> -SP201 | K11: E14168800 | L11: {=SUMPRODUCT(O11:AE11*$O$2:$AE$2)} -> 1 | M11: {=SUMPRODUCT(AF11:AV11*$AF$2:$AV$2)} -> 0.5 | N11: =L11+M11 -> 1.5 | O11: 0 | P11: 2 | Q11: 0 | R11: 0 | S11: 0 | T11: 0 | U11: 0 | V11: 0 | W11: 0 | X11: 0 | Y11: 0 | Z11: 0 | AA11: 0 | AB11: 0 | AC11: 0 | AD11: 0 | AE11: 0 | AF11: 0 | AG11: 1 | AH11: 0 | AI11: 0 | AJ11: 0 | AK11: 0 | AL11: 0 | AM11: 0 | AN11: 0 | AO11: 0 | AP11: 0 | AQ11: 0 | AR11: 0 | AS11: 0 | AT11: 0 | AU11: 0 | AV11: 0 | AW11: NA | AY11: NA | AZ11: NA | BA11: 3 | BB11: 00105BBT | BE11: NA | BG11: NA | BH11: NA | BI11: NA | BJ11: NA | BK11: NA | BL11: NA | BO11: =IF(F11="","",_xlfn.CONCAT(K11&N11,IF(L11>M11,_xlfn.TEXTJOIN(,TRUE,O11:AV11),_xlfn.TEXTJOIN(,TRUE,AF11:AV11,O11:AE11)))) -> E141688001,50200000000000000001000000000000000 | BP11: =_xlfn.CONCAT(B11,N11,IF(L11>M11,_xlfn.TEXTJOIN(,TRUE,O11:AV11),_xlfn.TEXTJOIN(,TRUE,AF11:AV11,O11:AE11))) -> GMW171361,50200000000000000001000000000000000 | BQ11: =_xlfn.XLOOKUP(BO11,[1]Planilha1!$BU:$BU,[1]Planilha1!$BU:$BU,"",0,1)
A12: GEM | B12: GMW17136 | D12: =IF(_xlfn.XLOOKUP(C12,'Tabela de Familias'!A:A,'Tabela de Familias'!B:B)="","") | F12: SP201.00 | G12: =IF(F12="","",C12&"-"&F12) -> -SP201.00 | K12: E14168800 | L12: {=SUMPRODUCT(O12:AE12*$O$2:$AE$2)} -> 1 | M12: {=SUMPRODUCT(AF12:AV12*$AF$2:$AV$2)} -> 0.5 | N12: =L12+M12 -> 1.5 | O12: 0 | P12: 2 | Q12: 0 | R12: 0 | S12: 0 | T12: 0 | U12: 0 | V12: 0 | W12: 0 | X12: 0 | Y12: 0 | Z12: 0 | AA12: 0 | AB12: 0 | AC12: 0 | AD12: 0 | AE12: 0 | AF12: 0 | AG12: 1 | AH12: 0 | AI12: 0 | AJ12: 0 | AK12: 0 | AL12: 0 | AM12: 0 | AN12: 0 | AO12: 0 | AP12: 0 | AQ12: 0 | AR12: 0 | AS12: 0 | AT12: 0 | AU12: 0 | AV12: 0 | AW12: NA | AY12: NA | AZ12: NA | BA12: 3 | BB12: 00106BBT | BE12: NA | BG12: NA | BH12: NA | BI12: NA | BJ12: NA | BK12: NA | BL12: NA | BO12: =IF(F12="","",_xlfn.CONCAT(K12&N12,IF(L12>M12,_xlfn.TEXTJOIN(,TRUE,O12:AV12),_xlfn.TEXTJOIN(,TRUE,AF12:AV12,O12:AE12)))) -> E141688001,50200000000000000001000000000000000 | BP12: =_xlfn.CONCAT(B12,N12,IF(L12>M12,_xlfn.TEXTJOIN(,TRUE,O12:AV12),_xlfn.TEXTJOIN(,TRUE,AF12:AV12,O12:AE12))) -> GMW171361,50200000000000000001000000000000000 | BQ12: =_xlfn.XLOOKUP(BO12,[1]Planilha1!$BU:$BU,[1]Planilha1!$BU:$BU,"",0,1)
A13: GEM | B13: GMW17136 | D13: =IF(_xlfn.XLOOKUP(C13,'Tabela de Familias'!A:A,'Tabela de Familias'!B:B)="","") | F13: SP2150.00 | G13: =IF(F13="","",C13&"-"&F13) -> -SP2150.00 | K13: E14168900 | L13: {=SUMPRODUCT(O13:AE13*$O$2:$AE$2)} -> 0.35 | M13: {=SUMPRODUCT(AF13:AV13*$AF$2:$AV$2)} -> 2.9 | N13: =L13+M13 -> 3.25 | O13: 1 | P13: 0 | Q13: 0 | R13: 0 | S13: 0 | T13: 0 | U13: 0 | V13: 0 | W13: 0 | X13: 0 | Y13: 0 | Z13: 0 | AA13: 0 | AB13: 0 | AC13: 0 | AD13: 0 | AE13: 0 | AF13: 4 | AG13: 1 | AH13: 0 | AI13: 1 | AJ13: 0 | AK13: 0 | AL13: 0 | AM13: 0 | AN13: 0 | AO13: 0 | AP13: 0 | AQ13: 0 | AR13: 0 | AS13: 0 | AT13: 0 | AU13: 0 | AV13: 0 | AW13: NA | AY13: NA | AZ13: NA | BA13: 3 | BB13: 00107BBT | BE13: NA | BG13: NA | BH13: NA | BI13: NA | BJ13: NA | BK13: NA | BL13: NA | BO13: =IF(F13="","",_xlfn.CONCAT(K13&N13,IF(L13>M13,_xlfn.TEXTJOIN(,TRUE,O13:AV13),_xlfn.TEXTJOIN(,TRUE,AF13:AV13,O13:AE13)))) -> E141689003,254101000000000000010000000000000000 | BP13: =_xlfn.CONCAT(B13,N13,IF(L13>M13,_xlfn.TEXTJOIN(,TRUE,O13:AV13),_xlfn.TEXTJOIN(,TRUE,AF13:AV13,O13:AE13))) -> GMW171363,254101000000000000010000000000000000 | BQ13: =_xlfn.XLOOKUP(BO13,[1]Planilha1!$BU:$BU,[1]Planilha1!$BU:$BU,"",0,1)
A14: GEM | B14: GMW17136 | D14: =IF(_xlfn.XLOOKUP(C14,'Tabela de Familias'!A:A,'Tabela de Familias'!B:B)="","") | F14: SP2250.04 | G14: =IF(F14="","",C14&"-"&F14) -> -SP2250.04 | K14: E14168800 | L14: {=SUMPRODUCT(O14:AE14*$O$2:$AE$2)} -> 1.95 | M14: {=SUMPRODUCT(AF14:AV14*$AF$2:$AV$2)} -> 0.35 | N14: =L14+M14 -> 2.3 | O14: 2 | P14: 1 | Q14: 1 | R14: 0 | S14: 0 | T14: 0 | U14: 0 | V14: 0 | W14: 0 | X14: 0 | Y14: 0 | Z14: 0 | AA14: 0 | AB14: 0 | AC14: 0 | AD14: 0 | AE14: 0 | AF14: 1 | AG14: 0 | AH14: 0 | AI14: 0 | AJ14: 0 | AK14: 0 | AL14: 0 | AM14: 0 | AN14: 0 | AO14: 0 | AP14: 0 | AQ14: 0 | AR14: 0 | AS14: 0 | AT14: 0 | AU14: 0 | AV14: 0 | AW14: NA | AY14: NA | AZ14: NA | BA14: 3 | BB14: 00108BBT | BE14: NA | BG14: NA | BH14: NA | BI14: NA | BJ14: NA | BK14: NA | BL14: NA | BO14: =IF(F14="","",_xlfn.CONCAT(K14&N14,IF(L14>M14,_xlfn.TEXTJOIN(,TRUE,O14:AV14),_xlfn.TEXTJOIN(,TRUE,AF14:AV14,O14:AE14)))) -> E141688002,32110000000000000010000000000000000 | BP14: =_xlfn.CONCAT(B14,N14,IF(L14>M14,_xlfn.TEXTJOIN(,TRUE,O14:AV14),_xlfn.TEXTJOIN(,TRUE,AF14:AV14,O14:AE14))) -> GMW171362,32110000000000000010000000000000000 | BQ14: =_xlfn.XLOOKUP(BO14,[1]Planilha1!$BU:$BU,[1]Planilha1!$BU:$BU,"",0,1)
A15: GEM | B15: GMW17136 | D15: =IF(_xlfn.XLOOKUP(C15,'Tabela de Familias'!A:A,'Tabela de Familias'!B:B)="","") | F15: SP5214 | G15: =IF(F15="","",C15&"-"&F15) -> -SP5214 | K15: E02000700 | L15: {=SUMPRODUCT(O15:AE15*$O$2:$AE$2)} -> 1.05 | M15: {=SUMPRODUCT(AF15:AV15*$AF$2:$AV$2)} -> 1.4 | N15: =L15+M15 -> 2.45 | O15: 3 | P15: 0 | Q15: 0 | R15: 0 | S15: 0 | T15: 0 | U15: 0 | V15: 0 | W15: 0 | X15: 0 | Y15: 0 | Z15: 0 | AA15: 0 | AB15: 0 | AC15: 0 | AD15: 0 | AE15: 0 | AF15: 4 | AG15: 0 | AH15: 0 | AI15: 0 | AJ15: 0 | AK15: 0 | AL15: 0 | AM15: 0 | AN15: 0 | AO15: 0 | AP15: 0 | AQ15: 0 | AR15: 0 | AS15: 0 | AT15: 0 | AU15: 0 | AV15: 0 | AW15: NA | AY15: NA | AZ15: NA | BA15: 3 | BB15: 0010BBT | BE15: NA | BG15: NA | BH15: NA | BI15: NA | BJ15: NA | BK15: NA | BL15: NA | BO15: =IF(F15="","",_xlfn.CONCAT(K15&N15,IF(L15>M15,_xlfn.TEXTJOIN(,TRUE,O15:AV15),_xlfn.TEXTJOIN(,TRUE,AF15:AV15,O15:AE15)))) -> E020007002,454000000000000000030000000000000000 | BP15: =_xlfn.CONCAT(B15,N15,IF(L15>M15,_xlfn.TEXTJOIN(,TRUE,O15:AV15),_xlfn.TEXTJOIN(,TRUE,AF15:AV15,O15:AE15))) -> GMW171362,454000000000000000030000000000000000 | BQ15: =_xlfn.XLOOKUP(BO15,[1]Planilha1!$BU:$BU,[1]Planilha1!$BU:$BU,"",0,1)
A16: GEM | B16: GMW17136 | D16: =IF(_xlfn.XLOOKUP(C16,'Tabela de Familias'!A:A,'Tabela de Familias'!B:B)="","") | F16: SP2250.08 | G16: =IF(F16="","",C16&"-"&F16) -> -SP2250.08 | K16: E02000700 | L16: {=SUMPRODUCT(O16:AE16*$O$2:$AE$2)} -> 1.5 | M16: {=SUMPRODUCT(AF16:AV16*$AF$2:$AV$2)} -> 0 | N16: =L16+M16 -> 1.5 | O16: 0 | P16: 3 | Q16: 0 | R16: 0 | S16: 0 | T16: 0 | U16: 0 | V16: 0 | W16: 0 | X16: 0 | Y16: 0 | Z16: 0 | AA16: 0 | AB16: 0 | AC16: 0 | AD16: 0 | AE16: 0 | AF16: 0 | AG16: 0 | AH16: 0 | AI16: 0 | AJ16: 0 | AK16: 0 | AL16: 0 | AM16: 0 | AN16: 0 | AO16: 0 | AP16: 0 | AQ16: 0 | AR16: 0 | AS16: 0 | AT16: 0 | AU16: 0 | AV16: 0 | AW16: NA | AY16: NA | AZ16: NA | BA16: 3 | BB16: 00110BBT | BE16: NA | BG16: NA | BH16: NA | BI16: NA | BJ16: NA | BK16: NA | BL16: NA | BO16: =IF(F16="","",_xlfn.CONCAT(K16&N16,IF(L16>M16,_xlfn.TEXTJOIN(,TRUE,O16:AV16),_xlfn.TEXTJOIN(,TRUE,AF16:AV16,O16:AE16)))) -> E020007001,50300000000000000000000000000000000 | BP16: =_xlfn.CONCAT(B16,N16,IF(L16>M16,_xlfn.TEXTJOIN(,TRUE,O16:AV16),_xlfn.TEXTJOIN(,TRUE,AF16:AV16,O16:AE16))) -> GMW171361,50300000000000000000000000000000000 | BQ16: =_xlfn.XLOOKUP(BO16,[1]Planilha1!$BU:$BU,[1]Planilha1!$BU:$BU,"",0,1)
... A78: GEM | B78: GMW17136 | D78: =IF(_xlfn.XLOOKUP(C78,'Tabela de Familias'!A:A,'Tabela de Familias'!B:B)="","") | F78: SP6281.05 | G78: =IF(F78="","",C78&"-"&F78) -> -SP6281.05 | K78: E14168800 | L78: {=SUMPRODUCT(O78:AE78*$O$2:$AE$2)} -> 1.2 | M78: {=SUMPRODUCT(AF78:AV78*$AF$2:$AV$2)} -> 0.7 | N78: =L78+M78 -> 1.9 | O78: 2 | P78: 1 | Q78: 0 | R78: 0 | S78: 0 | T78: 0 | U78: 0 | V78: 0 | W78: 0 | X78: 0 | Y78: 0 | Z78: 0 | AA78: 0 | AB78: 0 | AC78: 0 | AD78: 0 | AE78: 0 | AF78: 2 | AG78: 0 | AH78: 0 | AI78: 0 | AJ78: 0 | AK78: 0 | AL78: 0 | AM78: 0 | AN78: 0 | AO78: 0 | AP78: 0 | AQ78: 0 | AR78: 0 | AS78: 0 | AT78: 0 | AU78: 0 | AV78: 0 | AW78: NA | AY78: NA | AZ78: NA | BA78: 3 | BB78: 00168BBT | BE78: NA | BG78: NA | BH78: NA | BI78: NA | BJ78: NA | BK78: NA | BL78: NA | BO78: =IF(F78="","",_xlfn.CONCAT(K78&N78,IF(L78>M78,_xlfn.TEXTJOIN(,TRUE,O78:AV78),_xlfn.TEXTJOIN(,TRUE,AF78:AV78,O78:AE78)))) -> E141688001,92100000000000000020000000000000000 | BP78: =_xlfn.CONCAT(B78,N78,IF(L78>M78,_xlfn.TEXTJOIN(,TRUE,O78:AV78),_xlfn.TEXTJOIN(,TRUE,AF78:AV78,O78:AE78))) -> GMW171361,92100000000000000020000000000000000 | BQ78: =_xlfn.XLOOKUP(BO78,[1]Planilha1!$BU:$BU,[1]Planilha1!$BU:$BU,"",0,1)
A79: GEM | B79: GMW17136 | D79: =IF(_xlfn.XLOOKUP(C79,'Tabela de Familias'!A:A,'Tabela de Familias'!B:B)="","") | F79: SP6817 | G79: =IF(F79="","",C79&"-"&F79) -> -SP6817 | I79: E14168600 | L79: {=SUMPRODUCT(O79:AE79*$O$2:$AE$2)} -> 0.7 | M79: {=SUMPRODUCT(AF79:AV79*$AF$2:$AV$2)} -> 0 | N79: =L79+M79 -> 0.7 | O79: 2 | P79: 0 | Q79: 0 | R79: 0 | S79: 0 | T79: 0 | U79: 0 | V79: 0 | W79: 0 | X79: 0 | Y79: 0 | Z79: 0 | AA79: 0 | AB79: 0 | AC79: 0 | AD79: 0 | AE79: 0 | AF79: 0 | AG79: 0 | AH79: 0 | AI79: 0 | AJ79: 0 | AK79: 0 | AL79: 0 | AM79: 0 | AN79: 0 | AO79: 0 | AP79: 0 | AQ79: 0 | AR79: 0 | AS79: 0 | AT79: 0 | AU79: 0 | AV79: 0 | AW79: NA | AY79: NA | AZ79: NA | BA79: 3 | BB79: 00169BBT | BE79: NA | BG79: NA | BH79: NA | BI79: NA | BJ79: NA | BK79: NA | BL79: NA | BO79: =IF(F79="","",_xlfn.CONCAT(I79&N79,IF(L79>M79,_xlfn.TEXTJOIN(,TRUE,O79:AV79),_xlfn.TEXTJOIN(,TRUE,AF79:AV79,O79:AE79)))) -> E141686000,72000000000000000000000000000000000 | BP79: =_xlfn.CONCAT(B79,N79,IF(L79>M79,_xlfn.TEXTJOIN(,TRUE,O79:AV79),_xlfn.TEXTJOIN(,TRUE,AF79:AV79,O79:AE79))) -> GMW171360,72000000000000000000000000000000000 | BQ79: =_xlfn.XLOOKUP(BO79,[1]Planilha1!$BU:$BU,[1]Planilha1!$BU:$BU,"",0,1)
A80: GEM | B80: GMW17136 | D80: =IF(_xlfn.XLOOKUP(C80,'Tabela de Familias'!A:A,'Tabela de Familias'!B:B)="","") | F80: SP746 | G80: =IF(F80="","",C80&"-"&F80) -> -SP746 | K80: E14168800 | L80: {=SUMPRODUCT(O80:AE80*$O$2:$AE$2)} -> 0.7 | M80: {=SUMPRODUCT(AF80:AV80*$AF$2:$AV$2)} -> 0.7 | N80: =L80+M80 -> 1.4 | O80: 2 | P80: 0 | Q80: 0 | R80: 0 | S80: 0 | T80: 0 | U80: 0 | V80: 0 | W80: 0 | X80: 0 | Y80: 0 | Z80: 0 | AA80: 0 | AB80: 0 | AC80: 0 | AD80: 0 | AE80: 0 | AF80: 2 | AG80: 0 | AH80: 0 | AI80: 0 | AJ80: 0 | AK80: 0 | AL80: 0 | AM80: 0 | AN80: 0 | AO80: 0 | AP80: 0 | AQ80: 0 | AR80: 0 | AS80: 0 | AT80: 0 | AU80: 0 | AV80: 0 | AW80: NA | AY80: NA | AZ80: NA | BA80: 3 | BB80: 00170BBT | BE80: NA | BG80: NA | BH80: NA | BI80: NA | BJ80: NA | BK80: NA | BL80: NA | BO80: =IF(F80="","",_xlfn.CONCAT(K80&N80,IF(L80>M80,_xlfn.TEXTJOIN(,TRUE,O80:AV80),_xlfn.TEXTJOIN(,TRUE,AF80:AV80,O80:AE80)))) -> E141688001,42000000000000000020000000000000000 | BP80: =_xlfn.CONCAT(B80,N80,IF(L80>M80,_xlfn.TEXTJOIN(,TRUE,O80:AV80),_xlfn.TEXTJOIN(,TRUE,AF80:AV80,O80:AE80))) -> GMW171361,42000000000000000020000000000000000 | BQ80: =_xlfn.XLOOKUP(BO80,[1]Planilha1!$BU:$BU,[1]Planilha1!$BU:$BU,"",0,1)
A81: GEM | B81: GMW17136 | D81: =IF(_xlfn.XLOOKUP(C81,'Tabela de Familias'!A:A,'Tabela de Familias'!B:B)="","") | F81: SP9 | G81: =IF(F81="","",C81&"-"&F81) -> -SP9 | K81: E14168800 | L81: {=SUMPRODUCT(O81:AE81*$O$2:$AE$2)} -> 1.4 | M81: {=SUMPRODUCT(AF81:AV81*$AF$2:$AV$2)} -> 0.35 | N81: =L81+M81 -> 1.75 | O81: 4 | P81: 0 | Q81: 0 | R81: 0 | S81: 0 | T81: 0 | U81: 0 | V81: 0 | W81: 0 | X81: 0 | Y81: 0 | Z81: 0 | AA81: 0 | AB81: 0 | AC81: 0 | AD81: 0 | AE81: 0 | AF81: 1 | AG81: 0 | AH81: 0 | AI81: 0 | AJ81: 0 | AK81: 0 | AL81: 0 | AM81: 0 | AN81: 0 | AO81: 0 | AP81: 0 | AQ81: 0 | AR81: 0 | AS81: 0 | AT81: 0 | AU81: 0 | AV81: 0 | AW81: NA | AY81: NA | AZ81: NA | BA81: 3 | BB81: 00171BBT | BE81: NA | BG81: NA | BH81: NA | BI81: NA | BJ81: NA | BK81: NA | BL81: NA | BO81: =IF(F81="","",_xlfn.CONCAT(K81&N81,IF(L81>M81,_xlfn.TEXTJOIN(,TRUE,O81:AV81),_xlfn.TEXTJOIN(,TRUE,AF81:AV81,O81:AE81)))) -> E141688001,754000000000000000010000000000000000 | BP81: =_xlfn.CONCAT(B81,N81,IF(L81>M81,_xlfn.TEXTJOIN(,TRUE,O81:AV81),_xlfn.TEXTJOIN(,TRUE,AF81:AV81,O81:AE81))) -> GMW171361,754000000000000000010000000000000000 | BQ81: =_xlfn.XLOOKUP(BO81,[1]Planilha1!$BU:$BU,[1]Planilha1!$BU:$BU,"",0,1)
A82: GEM | B82: GMW17136 | D82: =IF(_xlfn.XLOOKUP(C82,'Tabela de Familias'!A:A,'Tabela de Familias'!B:B)="","") | F82: SP9.00 | G82: =IF(F82="","",C82&"-"&F82) -> -SP9.00 | K82: E14168800 | L82: {=SUMPRODUCT(O82:AE82*$O$2:$AE$2)} -> 1.05 | M82: {=SUMPRODUCT(AF82:AV82*$AF$2:$AV$2)} -> 0.35 | N82: =L82+M82 -> 1.4 | O82: 3 | P82: 0 | Q82: 0 | R82: 0 | S82: 0 | T82: 0 | U82: 0 | V82: 0 | W82: 0 | X82: 0 | Y82: 0 | Z82: 0 | AA82: 0 | AB82: 0 | AC82: 0 | AD82: 0 | AE82: 0 | AF82: 1 | AG82: 0 | AH82: 0 | AI82: 0 | AJ82: 0 | AK82: 0 | AL82: 0 | AM82: 0 | AN82: 0 | AO82: 0 | AP82: 0 | AQ82: 0 | AR82: 0 | AS82: 0 | AT82: 0 | AU82: 0 | AV82: 0 | AW82: NA | AY82: NA | AZ82: NA | BA82: 3 | BB82: 00172BBT | BE82: NA | BG82: NA | BH82: NA | BI82: NA | BJ82: NA | BK82: NA | BL82: NA | BO82: =IF(F82="","",_xlfn.CONCAT(K82&N82,IF(L82>M82,_xlfn.TEXTJOIN(,TRUE,O82:AV82),_xlfn.TEXTJOIN(,TRUE,AF82:AV82,O82:AE82)))) -> E141688001,43000000000000000010000000000000000 | BP82: =_xlfn.CONCAT(B82,N82,IF(L82>M82,_xlfn.TEXTJOIN(,TRUE,O82:AV82),_xlfn.TEXTJOIN(,TRUE,AF82:AV82,O82:AE82))) -> GMW171361,43000000000000000010000000000000000 | BQ82: =_xlfn.XLOOKUP(BO82,[1]Planilha1!$BU:$BU,[1]Planilha1!$BU:$BU,"",0,1)
A83: GEM | B83: GMW17136 | D83: =IF(_xlfn.XLOOKUP(C83,'Tabela de Familias'!A:A,'Tabela de Familias'!B:B)="","") | F83: SP6281.00 | G83: =IF(F83="","",C83&"-"&F83) -> -SP6281.00 | K83: E02000700 | L83: {=SUMPRODUCT(O83:AE83*$O$2:$AE$2)} -> 0.85 | M83: {=SUMPRODUCT(AF83:AV83*$AF$2:$AV$2)} -> 0.85 | N83: =L83+M83 -> 1.7 | O83: 1 | P83: 1 | Q83: 0 | R83: 0 | S83: 0 | T83: 0 | U83: 0 | V83: 0 | W83: 0 | X83: 0 | Y83: 0 | Z83: 0 | AA83: 0 | AB83: 0 | AC83: 0 | AD83: 0 | AE83: 0 | AF83: 1 | AG83: 1 | AH83: 0 | AI83: 0 | AJ83: 0 | AK83: 0 | AL83: 0 | AM83: 0 | AN83: 0 | AO83: 0 | AP83: 0 | AQ83: 0 | AR83: 0 | AS83: 0 | AT83: 0 | AU83: 0 | AV83: 0 | AW83: NA | AY83: NA | AZ83: NA | BA83: 3 | BB83: 00173BBT | BE83: NA | BG83: NA | BH83: NA | BI83: NA | BJ83: NA | BK83: NA | BL83: NA | BO83: =IF(F83="","",_xlfn.CONCAT(K83&N83,IF(L83>M83,_xlfn.TEXTJOIN(,TRUE,O83:AV83),_xlfn.TEXTJOIN(,TRUE,AF83:AV83,O83:AE83)))) -> E020007001,71100000000000000011000000000000000 | BP83: =_xlfn.CONCAT(B83,N83,IF(L83>M83,_xlfn.TEXTJOIN(,TRUE,O83:AV83),_xlfn.TEXTJOIN(,TRUE,AF83:AV83,O83:AE83))) -> GMW171361,71100000000000000011000000000000000 | BQ83: =_xlfn.XLOOKUP(BO83,[1]Planilha1!$BU:$BU,[1]Planilha1!$BU:$BU,"",0,1)
A84: GEM | B84: GMW17136 | D84: =IF(_xlfn.XLOOKUP(C84,'Tabela de Familias'!A:A,'Tabela de Familias'!B:B)="","") | F84: SP1950 | G84: =IF(F84="","",C84&"-"&F84) -> -SP1950 | K84: E02000700 | L84: {=SUMPRODUCT(O84:AE84*$O$2:$AE$2)} -> 2 | M84: {=SUMPRODUCT(AF84:AV84*$AF$2:$AV$2)} -> 2 | N84: =L84+M84 -> 4 | O84: 0 | P84: 0 | Q84: 0 | R84: 2 | S84: 0 | T84: 0 | U84: 0 | V84: 0 | W84: 0 | X84: 0 | Y84: 0 | Z84: 0 | AA84: 0 | AB84: 0 | AC84: 0 | AD84: 0 | AE84: 0 | AF84: 0 | AG84: 0 | AH84: 0 | AI84: 2 | AJ84: 0 | AK84: 0 | AL84: 0 | AM84: 0 | AN84: 0 | AO84: 0 | AP84: 0 | AQ84: 0 | AR84: 0 | AS84: 0 | AT84: 0 | AU84: 0 | AV84: 0 | AW84: NA | AY84: NA | AZ84: NA | BA84: 3 | BB84: 00174BBT | BE84: NA | BG84: NA | BH84: NA | BI84: NA | BJ84: NA | BK84: NA | BL84: NA | BO84: =IF(F84="","",_xlfn.CONCAT(K84&N84,IF(L84>M84,_xlfn.TEXTJOIN(,TRUE,O84:AV84),_xlfn.TEXTJOIN(,TRUE,AF84:AV84,O84:AE84)))) -> E0200070040002000000000000000020000000000000 | BP84: =_xlfn.CONCAT(B84,N84,IF(L84>M84,_xlfn.TEXTJOIN(,TRUE,O84:AV84),_xlfn.TEXTJOIN(,TRUE,AF84:AV84,O84:AE84))) -> GMW1713640002000000000000000020000000000000 | BQ84: =_xlfn.XLOOKUP(BO84,[1]Planilha1!$BU:$BU,[1]Planilha1!$BU:$BU,"",0,1)
A85: GEM | B85: GMW17136 | D85: =IF(_xlfn.XLOOKUP(C85,'Tabela de Familias'!A:A,'Tabela de Familias'!B:B)="","") | F85: SP2129 | G85: =IF(F85="","",C85&"-"&F85) -> -SP2129 | K85: E02000700 | L85: {=SUMPRODUCT(O85:AE85*$O$2:$AE$2)} -> 1 | M85: {=SUMPRODUCT(AF85:AV85*$AF$2:$AV$2)} -> 1 | N85: =L85+M85 -> 2 | O85: 0 | P85: 2 | Q85: 0 | R85: 0 | S85: 0 | T85: 0 | U85: 0 | V85: 0 | W85: 0 | X85: 0 | Y85: 0 | Z85: 0 | AA85: 0 | AB85: 0 | AC85: 0 | AD85: 0 | AE85: 0 | AF85: 0 | AG85: 2 | AH85: 0 | AI85: 0 | AJ85: 0 | AK85: 0 | AL85: 0 | AM85: 0 | AN85: 0 | AO85: 0 | AP85: 0 | AQ85: 0 | AR85: 0 | AS85: 0 | AT85: 0 | AU85: 0 | AV85: 0 | AW85: NA | AY85: NA | AZ85: NA | BA85: 3 | BB85: 00175BBT | BE85: NA | BG85: NA | BH85: NA | BI85: NA | BJ85: NA | BK85: NA | BL85: NA | BO85: =IF(F85="","",_xlfn.CONCAT(K85&N85,IF(L85>M85,_xlfn.TEXTJOIN(,TRUE,O85:AV85),_xlfn.TEXTJOIN(,TRUE,AF85:AV85,O85:AE85)))) -> E0200070020200000000000000002000000000000000 | BP85: =_xlfn.CONCAT(B85,N85,IF(L85>M85,_xlfn.TEXTJOIN(,TRUE,O85:AV85),_xlfn.TEXTJOIN(,TRUE,AF85:AV85,O85:AE85))) -> GMW1713620200000000000000002000000000000000 | BQ85: =_xlfn.XLOOKUP(BO85,[1]Planilha1!$BU:$BU,[1]Planilha1!$BU:$BU,"",0,1)
A86: GEM | B86: GMW17136 | D86: =IF(_xlfn.XLOOKUP(C86,'Tabela de Familias'!A:A,'Tabela de Familias'!B:B)="","") | F86: SP5291 | G86: =IF(F86="","",C86&"-"&F86) -> -SP5291 | K86: E02000700 | L86: {=SUMPRODUCT(O86:AE86*$O$2:$AE$2)} -> 3.25 | M86: {=SUMPRODUCT(AF86:AV86*$AF$2:$AV$2)} -> 3 | N86: =L86+M86 -> 6.25 | O86: 0 | P86: 0 | Q86: 3 | R86: 1 | S86: 0 | T86: 0 | U86: 0 | V86: 0 | W86: 0 | X86: 0 | Y86: 0 | Z86: 0 | AA86: 0 | AB86: 0 | AC86: 0 | AD86: 0 | AE86: 0 | AF86: 0 | AG86: 0 | AH86: 0 | AI86: 3 | AJ86: 0 | AK86: 0 | AL86: 0 | AM86: 0 | AN86: 0 | AO86: 0 | AP86: 0 | AQ86: 0 | AR86: 0 | AS86: 0 | AT86: 0 | AU86: 0 | AV86: 0 | AW86: NA | AY86: NA | AZ86: NA | BA86: 3 | BB86: 00176BBT | BE86: NA | BG86: NA | BH86: NA | BI86: NA | BJ86: NA | BK86: NA | BL86: NA | BO86: =IF(F86="","",_xlfn.CONCAT(K86&N86,IF(L86>M86,_xlfn.TEXTJOIN(,TRUE,O86:AV86),_xlfn.TEXTJOIN(,TRUE,AF86:AV86,O86:AE86)))) -> E020007006,250031000000000000000030000000000000 | BP86: =_xlfn.CONCAT(B86,N86,IF(L86>M86,_xlfn.TEXTJOIN(,TRUE,O86:AV86),_xlfn.TEXTJOIN(,TRUE,AF86:AV86,O86:AE86))) -> GMW171366,250031000000000000000030000000000000 | BQ86: =_xlfn.XLOOKUP(BO86,[1]Planilha1!$BU:$BU,[1]Planilha1!$BU:$BU,"",0,1)
A87: GEM | B87: GMW17136 | D87: =IF(_xlfn.XLOOKUP(C87,'Tabela de Familias'!A:A,'Tabela de Familias'!B:B)="","") | F87: SP5291.00 | G87: =IF(F87="","",C87&"-"&F87) -> -SP5291.00 | K87: E02000700 | L87: {=SUMPRODUCT(O87:AE87*$O$2:$AE$2)} -> 3 | M87: {=SUMPRODUCT(AF87:AV87*$AF$2:$AV$2)} -> 2.5 | N87: =L87+M87 -> 5.5 | O87: 0 | P87: 0 | Q87: 0 | R87: 3 | S87: 0 | T87: 0 | U87: 0 | V87: 0 | W87: 0 | X87: 0 | Y87: 0 | Z87: 0 | AA87: 0 | AB87: 0 | AC87: 0 | AD87: 0 | AE87: 0 | AF87: 0 | AG87: 3 | AH87: 0 | AI87: 1 | AJ87: 0 | AK87: 0 | AL87: 0 | AM87: 0 | AN87: 0 | AO87: 0 | AP87: 0 | AQ87: 0 | AR87: 0 | AS87: 0 | AT87: 0 | AU87: 0 | AV87: 0 | AW87: NA | AY87: NA | AZ87: NA | BA87: 3 | BB87: 00177BBT | BE87: NA | BG87: NA | BH87: NA | BI87: NA | BJ87: NA | BK87: NA | BL87: NA | BO87: =IF(F87="","",_xlfn.CONCAT(K87&N87,IF(L87>M87,_xlfn.TEXTJOIN(,TRUE,O87:AV87),_xlfn.TEXTJOIN(,TRUE,AF87:AV87,O87:AE87)))) -> E020007005,50003000000000000003010000000000000 | BP87: =_xlfn.CONCAT(B87,N87,IF(L87>M87,_xlfn.TEXTJOIN(,TRUE,O87:AV87),_xlfn.TEXTJOIN(,TRUE,AF87:AV87,O87:AE87))) -> GMW171365,50003000000000000003010000000000000 | BQ87: =_xlfn.XLOOKUP(BO87,[1]Planilha1!$BU:$BU,[1]Planilha1!$BU:$BU,"",0,1)
A88: GEM | B88: GMW17136 | D88: =IF(_xlfn.XLOOKUP(C88,'Tabela de Familias'!A:A,'Tabela de Familias'!B:B)="","") | F88: SP5292 | G88: =IF(F88="","",C88&"-"&F88) -> -SP5292 | K88: E14168600 | L88: {=SUMPRODUCT(O88:AE88*$O$2:$AE$2)} -> 3 | M88: {=SUMPRODUCT(AF88:AV88*$AF$2:$AV$2)} -> 1 | N88: =L88+M88 -> 4 | O88: 0 | P88: 6 | Q88: 0 | R88: 0 | S88: 0 | T88: 0 | U88: 0 | V88: 0 | W88: 0 | X88: 0 | Y88: 0 | Z88: 0 | AA88: 0 | AB88: 0 | AC88: 0 | AD88: 0 | AE88: 0 | AF88: 0 | AG88: 2 | AH88: 0 | AI88: 0 | AJ88: 0 | AK88: 0 | AL88: 0 | AM88: 0 | AN88: 0 | AO88: 0 | AP88: 0 | AQ88: 0 | AR88: 0 | AS88: 0 | AT88: 0 | AU88: 0 | AV88: 0 | AW88: NA | AY88: NA | AZ88: NA | BA88: 3 | BB88: 00178BBT | BE88: NA | BG88: NA | BH88: NA | BI88: NA | BJ88: NA | BK88: NA | BL88: NA | BO88: =IF(F88="","",_xlfn.CONCAT(K88&N88,IF(L88>M88,_xlfn.TEXTJOIN(,TRUE,O88:AV88),_xlfn.TEXTJOIN(,TRUE,AF88:AV88,O88:AE88)))) -> E1416860040600000000000000002000000000000000 | BP88: =_xlfn.CONCAT(B88,N88,IF(L88>M88,_xlfn.TEXTJOIN(,TRUE,O88:AV88),_xlfn.TEXTJOIN(,TRUE,AF88:AV88,O88:AE88))) -> GMW1713640600000000000000002000000000000000 | BQ88: =_xlfn.XLOOKUP(BO88,[1]Planilha1!$BU:$BU,[1]Planilha1!$BU:$BU,"",0,1)
A89: GEM | B89: GMW17136 | D89: =IF(_xlfn.XLOOKUP(C89,'Tabela de Familias'!A:A,'Tabela de Familias'!B:B)="","") | F89: X11SP6281.00 | G89: =IF(F89="","",C89&"-"&F89) -> -X11SP6281.00 | K89: E02000700 | L89: {=SUMPRODUCT(O89:AE89*$O$2:$AE$2)} -> 1 | M89: {=SUMPRODUCT(AF89:AV89*$AF$2:$AV$2)} -> 0.85 | N89: =L89+M89 -> 1.85 | O89: 0 | P89: 2 | Q89: 0 | R89: 0 | S89: 0 | T89: 0 | U89: 0 | V89: 0 | W89: 0 | X89: 0 | Y89: 0 | Z89: 0 | AA89: 0 | AB89: 0 | AC89: 0 | AD89: 0 | AE89: 0 | AF89: 1 | AG89: 1 | AH89: 0 | AI89: 0 | AJ89: 0 | AK89: 0 | AL89: 0 | AM89: 0 | AN89: 0 | AO89: 0 | AP89: 0 | AQ89: 0 | AR89: 0 | AS89: 0 | AT89: 0 | AU89: 0 | AV89: 0 | AW89: NA | AY89: NA | AZ89: NA | BA89: 3 | BB89: 00179BBT | BE89: NA | BG89: NA | BH89: NA | BI89: NA | BJ89: NA | BK89: NA | BL89: NA | BO89: =IF(F89="","",_xlfn.CONCAT(K89&N89,IF(L89>M89,_xlfn.TEXTJOIN(,TRUE,O89:AV89),_xlfn.TEXTJOIN(,TRUE,AF89:AV89,O89:AE89)))) -> E020007001,850200000000000000011000000000000000 | BP89: =_xlfn.CONCAT(B89,N89,IF(L89>M89,_xlfn.TEXTJOIN(,TRUE,O89:AV89),_xlfn.TEXTJOIN(,TRUE,AF89:AV89,O89:AE89))) -> GMW171361,850200000000000000011000000000000000 | BQ89: =_xlfn.XLOOKUP(BO89,[1]Planilha1!$BU:$BU,[1]Planilha1!$BU:$BU,"",0,1)
A90: GEM | B90: GMW17136 | D90: =IF(_xlfn.XLOOKUP(C90,'Tabela de Familias'!A:A,'Tabela de Familias'!B:B)="","") | F90: SP1950 | G90: =IF(F90="","",C90&"-"&F90) -> -SP1950 | K90: E02000700 | L90: {=SUMPRODUCT(O90:AE90*$O$2:$AE$2)} -> 3 | M90: {=SUMPRODUCT(AF90:AV90*$AF$2:$AV$2)} -> 1 | N90: =L90+M90 -> 4 | O90: 0 | P90: 0 | Q90: 0 | R90: 3 | S90: 0 | T90: 0 | U90: 0 | V90: 0 | W90: 0 | X90: 0 | Y90: 0 | Z90: 0 | AA90: 0 | AB90: 0 | AC90: 0 | AD90: 0 | AE90: 0 | AF90: 0 | AG90: 0 | AH90: 0 | AI90: 1 | AJ90: 0 | AK90: 0 | AL90: 0 | AM90: 0 | AN90: 0 | AO90: 0 | AP90: 0 | AQ90: 0 | AR90: 0 | AS90: 0 | AT90: 0 | AU90: 0 | AV90: 0 | AW90: NA | AY90: NA | AZ90: NA | BA90: 3 | BB90: 00180BBT | BE90: NA | BG90: NA | BH90: NA | BI90: NA | BJ90: NA | BK90: NA | BL90: NA | BO90: =IF(F90="","",_xlfn.CONCAT(K90&N90,IF(L90>M90,_xlfn.TEXTJOIN(,TRUE,O90:AV90),_xlfn.TEXTJOIN(,TRUE,AF90:AV90,O90:AE90)))) -> E0200070040003000000000000000010000000000000 | BP90: =_xlfn.CONCAT(B90,N90,IF(L90>M90,_xlfn.TEXTJOIN(,TRUE,O90:AV90),_xlfn.TEXTJOIN(,TRUE,AF90:AV90,O90:AE90))) -> GMW1713640003000000000000000010000000000000 | BQ90: =_xlfn.XLOOKUP(BO90,[1]Planilha1!$BU:$BU,[1]Planilha1!$BU:$BU,"",0,1)
A91: GEM | B91: GMW17136 | D91: =IF(_xlfn.XLOOKUP(C91,'Tabela de Familias'!A:A,'Tabela de Familias'!B:B)="","") | F91: SP2129 | G91: =IF(F91="","",C91&"-"&F91) -> -SP2129 | K91: E02000700 | L91: {=SUMPRODUCT(O91:AE91*$O$2:$AE$2)} -> 1.5 | M91: {=SUMPRODUCT(AF91:AV91*$AF$2:$AV$2)} -> 0.5 | N91: =L91+M91 -> 2 | O91: 0 | P91: 3 | Q91: 0 | R91: 0 | S91: 0 | T91: 0 | U91: 0 | V91: 0 | W91: 0 | X91: 0 | Y91: 0 | Z91: 0 | AA91: 0 | AB91: 0 | AC91: 0 | AD91: 0 | AE91: 0 | AF91: 0 | AG91: 1 | AH91: 0 | AI91: 0 | AJ91: 0 | AK91: 0 | AL91: 0 | AM91: 0 | AN91: 0 | AO91: 0 | AP91: 0 | AQ91: 0 | AR91: 0 | AS91: 0 | AT91: 0 | AU91: 0 | AV91: 0 | AW91: NA | AY91: NA | AZ91: NA | BA91: 3 | BB91: 00181BBT | BE91: NA | BG91: NA | BH91: NA | BI91: NA | BJ91: NA | BK91: NA | BL91: NA | BO91: =IF(F91="","",_xlfn.CONCAT(K91&N91,IF(L91>M91,_xlfn.TEXTJOIN(,TRUE,O91:AV91),_xlfn.TEXTJOIN(,TRUE,AF91:AV91,O91:AE91)))) -> E0200070020300000000000000001000000000000000 | BP91: =_xlfn.CONCAT(B91,N91,IF(L91>M91,_xlfn.TEXTJOIN(,TRUE,O91:AV91),_xlfn.TEXTJOIN(,TRUE,AF91:AV91,O91:AE91))) -> GMW1713620300000000000000001000000000000000 | BQ91: =_xlfn.XLOOKUP(BO91,[1]Planilha1!$BU:$BU,[1]Planilha1!$BU:$BU,"",0,1)
... A127: GEM | B127: GMW17136 | D127: =IF(_xlfn.XLOOKUP(C127,'Tabela de Familias'!A:A,'Tabela de Familias'!B:B)="","") | F127: SP1361 | G127: =IF(F127="","",C127&"-"&F127) -> -SP1361 | K127: E14168800 | L127: {=SUMPRODUCT(O127:AE127*$O$2:$AE$2)} -> 1.7 | M127: {=SUMPRODUCT(AF127:AV127*$AF$2:$AV$2)} -> 1.35 | N127: =L127+M127 -> 3.05 | O127: 2 | P127: 2 | Q127: 0 | R127: 0 | S127: 0 | T127: 0 | U127: 0 | V127: 0 | W127: 0 | X127: 0 | Y127: 0 | Z127: 0 | AA127: 0 | AB127: 0 | AC127: 0 | AD127: 0 | AE127: 0 | AF127: 1 | AG127: 2 | AH127: 0 | AI127: 0 | AJ127: 0 | AK127: 0 | AL127: 0 | AM127: 0 | AN127: 0 | AO127: 0 | AP127: 0 | AQ127: 0 | AR127: 0 | AS127: 0 | AT127: 0 | AU127: 0 | AV127: 0 | AW127: NA | AY127: NA | AZ127: NA | BA127: 3 | BB127: 0048BBT | BE127: NA | BG127: NA | BH127: NA | BI127: NA | BJ127: NA | BK127: NA | BL127: NA | BO127: =IF(F127="","",_xlfn.CONCAT(K127&N127,IF(L127>M127,_xlfn.TEXTJOIN(,TRUE,O127:AV127),_xlfn.TEXTJOIN(,TRUE,AF127:AV127,O127:AE127)))) -> E141688003,052200000000000000012000000000000000 | BP127: =_xlfn.CONCAT(B127,N127,IF(L127>M127,_xlfn.TEXTJOIN(,TRUE,O127:AV127),_xlfn.TEXTJOIN(,TRUE,AF127:AV127,O127:AE127))) -> GMW171363,052200000000000000012000000000000000 | BQ127: =_xlfn.XLOOKUP(BO127,[1]Planilha1!$BU:$BU,[1]Planilha1!$BU:$BU,"",0,1)
A128: SPIN | B128: GMW17136 | D128: =IF(_xlfn.XLOOKUP(C128,'Tabela de Familias'!A:A,'Tabela de Familias'!B:B)="","") | E128: SOLDA LINEAR | F128: SP2374_X1 | G128: =IF(F128="","",C128&"-"&F128) -> -SP2374_X1 | K128: E16718500 | L128: {=SUMPRODUCT(O128:AE128*$O$2:$AE$2)} -> 1 | M128: {=SUMPRODUCT(AF128:AV128*$AF$2:$AV$2)} -> 1 | N128: =L128+M128 -> 2 | O128: 0 | P128: 2 | Q128: 0 | R128: 0 | S128: 0 | T128: 0 | U128: 0 | V128: 0 | W128: 0 | X128: 0 | Y128: 0 | Z128: 0 | AA128: 0 | AB128: 0 | AC128: 0 | AD128: 0 | AE128: 0 | AF128: 0 | AG128: 2 | AH128: 0 | AI128: 0 | AJ128: 0 | AK128: 0 | AL128: 0 | AM128: 0 | AN128: 0 | AO128: 0 | AP128: 0 | AQ128: 0 | AR128: 0 | AS128: 0 | AT128: 0 | AU128: 0 | AV128: 0 | AW128: NA | AY128: NA | AZ128: NA | BA128: 125 | BB128: 015BTSPIN | BC128: 45027 | BE128: NA | BG128: NA | BH128: NA | BI128: NA | BJ128: NA | BK128: NA | BL128: NA | BO128: =IF(F128="","",_xlfn.CONCAT(K128&N128,IF(L128>M128,_xlfn.TEXTJOIN(,TRUE,O128:AV128),_xlfn.TEXTJOIN(,TRUE,AF128:AV128,O128:AE128)))) -> E1671850020200000000000000002000000000000000 | BP128: =_xlfn.CONCAT(B128,N128,IF(L128>M128,_xlfn.TEXTJOIN(,TRUE,O128:AV128),_xlfn.TEXTJOIN(,TRUE,AF128:AV128,O128:AE128))) -> GMW1713620200000000000000002000000000000000 | BQ128: =_xlfn.XLOOKUP(BO128,[1]Planilha1!$BU:$BU,[1]Planilha1!$BU:$BU,"",0,1) -> E1671850020200000000000000002000000000000000
A129: SPIN | B129: GMW17136 | D129: =IF(_xlfn.XLOOKUP(C129,'Tabela de Familias'!A:A,'Tabela de Familias'!B:B)="","") | E129: SOLDA LINEAR | F129: SP2374_X1.00 | G129: =IF(F129="","",C129&"-"&F129) -> -SP2374_X1.00 | K129: E16718500 | L129: {=SUMPRODUCT(O129:AE129*$O$2:$AE$2)} -> 1.5 | M129: {=SUMPRODUCT(AF129:AV129*$AF$2:$AV$2)} -> 1.5 | N129: =L129+M129 -> 3 | O129: 0 | P129: 3 | Q129: 0 | R129: 0 | S129: 0 | T129: 0 | U129: 0 | V129: 0 | W129: 0 | X129: 0 | Y129: 0 | Z129: 0 | AA129: 0 | AB129: 0 | AC129: 0 | AD129: 0 | AE129: 0 | AF129: 0 | AG129: 3 | AH129: 0 | AI129: 0 | AJ129: 0 | AK129: 0 | AL129: 0 | AM129: 0 | AN129: 0 | AO129: 0 | AP129: 0 | AQ129: 0 | AR129: 0 | AS129: 0 | AT129: 0 | AU129: 0 | AV129: 0 | AW129: NA | AY129: NA | AZ129: NA | BA129: 125 | BB129: 018BTSPIN | BC129: 45034 | BE129: NA | BG129: NA | BH129: NA | BI129: NA | BJ129: NA | BK129: NA | BL129: NA | BO129: =IF(F129="","",_xlfn.CONCAT(K129&N129,IF(L129>M129,_xlfn.TEXTJOIN(,TRUE,O129:AV129),_xlfn.TEXTJOIN(,TRUE,AF129:AV129,O129:AE129)))) -> E1671850030300000000000000003000000000000000 | BP129: =_xlfn.CONCAT(B129,N129,IF(L129>M129,_xlfn.TEXTJOIN(,TRUE,O129:AV129),_xlfn.TEXTJOIN(,TRUE,AF129:AV129,O129:AE129))) -> GMW1713630300000000000000003000000000000000 | BQ129: =_xlfn.XLOOKUP(BO129,[1]Planilha1!$BU:$BU,[1]Planilha1!$BU:$BU,"",0,1) -> E1671850030300000000000000003000000000000000
A130: SPIN | B130: GMW17136 | D130: =IF(_xlfn.XLOOKUP(C130,'Tabela de Familias'!A:A,'Tabela de Familias'!B:B)="","") | E130: SOLDA LINEAR | F130: SP1361_X1 | G130: =IF(F130="","",C130&"-"&F130) -> -SP1361_X1 | K130: E16718500 | L130: {=SUMPRODUCT(O130:AE130*$O$2:$AE$2)} -> 1 | M130: {=SUMPRODUCT(AF130:AV130*$AF$2:$AV$2)} -> 1.5 | N130: =L130+M130 -> 2.5 | O130: 0 | P130: 2 | Q130: 0 | R130: 0 | S130: 0 | T130: 0 | U130: 0 | V130: 0 | W130: 0 | X130: 0 | Y130: 0 | Z130: 0 | AA130: 0 | AB130: 0 | AC130: 0 | AD130: 0 | AE130: 0 | AF130: 0 | AG130: 3 | AH130: 0 | AI130: 0 | AJ130: 0 | AK130: 0 | AL130: 0 | AM130: 0 | AN130: 0 | AO130: 0 | AP130: 0 | AQ130: 0 | AR130: 0 | AS130: 0 | AT130: 0 | AU130: 0 | AV130: 0 | AW130: NA | AY130: NA | AZ130: NA | BA130: 125 | BB130: 019BTSPIN | BC130: 45035 | BE130: NA | BG130: NA | BH130: NA | BI130: NA | BJ130: NA | BK130: NA | BL130: NA | BO130: =IF(F130="","",_xlfn.CONCAT(K130&N130,IF(L130>M130,_xlfn.TEXTJOIN(,TRUE,O130:AV130),_xlfn.TEXTJOIN(,TRUE,AF130:AV130,O130:AE130)))) -> E167185002,50300000000000000002000000000000000 | BP130: =_xlfn.CONCAT(B130,N130,IF(L130>M130,_xlfn.TEXTJOIN(,TRUE,O130:AV130),_xlfn.TEXTJOIN(,TRUE,AF130:AV130,O130:AE130))) -> GMW171362,50300000000000000002000000000000000 | BQ130: =_xlfn.XLOOKUP(BO130,[1]Planilha1!$BU:$BU,[1]Planilha1!$BU:$BU,"",0,1) -> E167185002,50300000000000000002000000000000000
A131: SPIN | B131: GMW17136 | D131: =IF(_xlfn.XLOOKUP(C131,'Tabela de Familias'!A:A,'Tabela de Familias'!B:B)="","") | E131: SOLDA LINEAR | F131: SP1750_1_X1 | G131: =IF(F131="","",C131&"-"&F131) -> -SP1750_1_X1 | K131: E16718500 | L131: {=SUMPRODUCT(O131:AE131*$O$2:$AE$2)} -> 0.5 | M131: {=SUMPRODUCT(AF131:AV131*$AF$2:$AV$2)} -> 2.5 | N131: =L131+M131 -> 3 | O131: 0 | P131: 1 | Q131: 0 | R131: 0 | S131: 0 | T131: 0 | U131: 0 | V131: 0 | W131: 0 | X131: 0 | Y131: 0 | Z131: 0 | AA131: 0 | AB131: 0 | AC131: 0 | AD131: 0 | AE131: 0 | AF131: 0 | AG131: 2 | AH131: 0 | AI131: 0 | AJ131: 1 | AK131: 0 | AL131: 0 | AM131: 0 | AN131: 0 | AO131: 0 | AP131: 0 | AQ131: 0 | AR131: 0 | AS131: 0 | AT131: 0 | AU131: 0 | AV131: 0 | AW131: NA | AY131: NA | AZ131: NA | BA131: 125 | BB131: 020BTSPIN | BC131: 45035 | BE131: NA | BG131: NA | BH131: NA | BI131: NA | BJ131: NA | BK131: NA | BL131: NA | BO131: =IF(F131="","",_xlfn.CONCAT(K131&N131,IF(L131>M131,_xlfn.TEXTJOIN(,TRUE,O131:AV131),_xlfn.TEXTJOIN(,TRUE,AF131:AV131,O131:AE131)))) -> E1671850030200100000000000001000000000000000 | BP131: =_xlfn.CONCAT(B131,N131,IF(L131>M131,_xlfn.TEXTJOIN(,TRUE,O131:AV131),_xlfn.TEXTJOIN(,TRUE,AF131:AV131,O131:AE131))) -> GMW1713630200100000000000001000000000000000 | BQ131: =_xlfn.XLOOKUP(BO131,[1]Planilha1!$BU:$BU,[1]Planilha1!$BU:$BU,"",0,1) -> E1671850030200100000000000001000000000000000
A132: SPIN | B132: GMW17136 | D132: =IF(_xlfn.XLOOKUP(C132,'Tabela de Familias'!A:A,'Tabela de Familias'!B:B)="","") | F132: SP5440_1_X1 | G132: =IF(F132="","",C132&"-"&F132) -> -SP5440_1_X1 | K132: E16718500 | L132: {=SUMPRODUCT(O132:AE132*$O$2:$AE$2)} -> 1.5 | M132: {=SUMPRODUCT(AF132:AV132*$AF$2:$AV$2)} -> 1 | N132: =L132+M132 -> 2.5 | O132: 0 | P132: 0 | Q132: 2 | R132: 0 | S132: 0 | T132: 0 | U132: 0 | V132: 0 | W132: 0 | X132: 0 | Y132: 0 | Z132: 0 | AA132: 0 | AB132: 0 | AC132: 0 | AD132: 0 | AE132: 0 | AF132: 0 | AG132: 0 | AH132: 0 | AI132: 1 | AJ132: 0 | AK132: 0 | AL132: 0 | AM132: 0 | AN132: 0 | AO132: 0 | AP132: 0 | AQ132: 0 | AR132: 0 | AS132: 0 | AT132: 0 | AU132: 0 | AV132: 0 | AW132: NA | AY132: NA | AZ132: NA | BA132: 125 | BB132: 021BTSPIN | BE132: NA | BG132: NA | BH132: NA | BI132: NA | BJ132: NA | BK132: NA | BL132: NA | BO132: =IF(F132="","",_xlfn.CONCAT(K132&N132,IF(L132>M132,_xlfn.TEXTJOIN(,TRUE,O132:AV132),_xlfn.TEXTJOIN(,TRUE,AF132:AV132,O132:AE132)))) -> E167185002,50020000000000000000010000000000000 | BP132: =_xlfn.CONCAT(B132,N132,IF(L132>M132,_xlfn.TEXTJOIN(,TRUE,O132:AV132),_xlfn.TEXTJOIN(,TRUE,AF132:AV132,O132:AE132))) -> GMW171362,50020000000000000000010000000000000 | BQ132: =_xlfn.XLOOKUP(BO132,[1]Planilha1!$BU:$BU,[1]Planilha1!$BU:$BU,"",0,1)
A133: GEM | B133: GMW17136 | E133: SOLDA LINEAR | F133: SP3150_628_1_X1 | G133: SP3150_628_1_X1 | K133: 3299362M9 | L133: 3 | M133: 6 | N133: 9 | O133: 0 | P133: 0 | Q133: 0 | R133: 0 | S133: 0 | T133: 0 | U133: 0 | V133: 1 | W133: 0 | X133: 0 | Y133: 0 | Z133: 0 | AA133: 0 | AB133: 0 | AC133: 0 | AD133: 0 | AE133: 0 | AF133: 0 | AG133: 0 | AH133: 0 | AI133: 2 | AJ133: 0 | AK133: 2 | AL133: 0 | AM133: 0 | AN133: 0 | AO133: 0 | AP133: 0 | AQ133: 0 | AR133: 0 | AS133: 0 | AT133: 0 | AU133: 0 | AV133: 0 | AX133: GEM26 | BA133: 125 | BB133: 0359BBT/49FF | BC133: 45764 | BD133: Rogèrio Santos
A134: SPIN | B134: GMW17136 | D134: =IF(_xlfn.XLOOKUP(C134,'Tabela de Familias'!A:A,'Tabela de Familias'!B:B)="","") | F134: SP302_1_X1 | G134: =IF(F134="","",C134&"-"&F134) -> -SP302_1_X1 | K134: E16725300 | L134: {=SUMPRODUCT(O134:AE134*$O$2:$AE$2)} -> 3 | M134: {=SUMPRODUCT(AF134:AV134*$AF$2:$AV$2)} -> 6 | N134: =L134+M134 -> 9 | O134: 0 | P134: 0 | Q134: 0 | R134: 0 | S134: 0 | T134: 0 | U134: 0 | V134: 1 | W134: 0 | X134: 0 | Y134: 0 | Z134: 0 | AA134: 0 | AB134: 0 | AC134: 0 | AD134: 0 | AE134: 0 | AF134: 0 | AG134: 0 | AH134: 0 | AI134: 0 | AJ134: 0 | AK134: 0 | AL134: 0 | AM134: 2 | AN134: 0 | AO134: 0 | AP134: 0 | AQ134: 0 | AR134: 0 | AS134: 0 | AT134: 0 | AU134: 0 | AV134: 0 | AW134: NA | AY134: NA | AZ134: NA | BA134: 125 | BB134: 025BTSPIN | BE134: NA | BG134: NA | BH134: NA | BI134: NA | BJ134: NA | BK134: NA | BL134: NA | BO134: =IF(F134="","",_xlfn.CONCAT(K134&N134,IF(L134>M134,_xlfn.TEXTJOIN(,TRUE,O134:AV134),_xlfn.TEXTJOIN(,TRUE,AF134:AV134,O134:AE134)))) -> E1672530090000000200000000000000001000000000 | BP134: =_xlfn.CONCAT(B134,N134,IF(L134>M134,_xlfn.TEXTJOIN(,TRUE,O134:AV134),_xlfn.TEXTJOIN(,TRUE,AF134:AV134,O134:AE134))) -> GMW1713690000000200000000000000001000000000 | BQ134: =_xlfn.XLOOKUP(BO134,[1]Planilha1!$BU:$BU,[1]Planilha1!$BU:$BU,"",0,1)
A135: SPIN | B135: GMW17136 | D135: =IF(_xlfn.XLOOKUP(C135,'Tabela de Familias'!A:A,'Tabela de Familias'!B:B)="","") | F135: SP_DIODE_1 | G135: =IF(F135="","",C135&"-"&F135) -> -SP_DIODE_1 | K135: E16725300 | L135: {=SUMPRODUCT(O135:AE135*$O$2:$AE$2)} -> 4 | M135: {=SUMPRODUCT(AF135:AV135*$AF$2:$AV$2)} -> 5.5 | N135: =L135+M135 -> 9.5 | O135: 0 | P135: 0 | Q135: 0 | R135: 0 | S135: 0 | T135: 0 | U135: 0 | V135: 0 | W135: 1 | X135: 0 | Y135: 0 | Z135: 0 | AA135: 0 | AB135: 0 | AC135: 0 | AD135: 0 | AE135: 0 | AF135: 0 | AG135: 0 | AH135: 0 | AI135: 0 | AJ135: 1 | AK135: 0 | AL135: 0 | AM135: 0 | AN135: 1 | AO135: 0 | AP135: 0 | AQ135: 0 | AR135: 0 | AS135: 0 | AT135: 0 | AU135: 0 | AV135: 0 | AW135: NA | AY135: NA | AZ135: NA | BA135: 125 | BB135: 026BTSPIN | BE135: NA | BG135: NA | BH135: NA | BI135: NA | BJ135: NA | BK135: NA | BL135: NA | BO135: =IF(F135="","",_xlfn.CONCAT(K135&N135,IF(L135>M135,_xlfn.TEXTJOIN(,TRUE,O135:AV135),_xlfn.TEXTJOIN(,TRUE,AF135:AV135,O135:AE135)))) -> E167253009,50000100010000000000000000100000000 | BP135: =_xlfn.CONCAT(B135,N135,IF(L135>M135,_xlfn.TEXTJOIN(,TRUE,O135:AV135),_xlfn.TEXTJOIN(,TRUE,AF135:AV135,O135:AE135))) -> GMW171369,50000100010000000000000000100000000 | BQ135: =_xlfn.XLOOKUP(BO135,[1]Planilha1!$BU:$BU,[1]Planilha1!$BU:$BU,"",0,1)
A136: SPIN | B136: GMW17136 | D136: =IF(_xlfn.XLOOKUP(C136,'Tabela de Familias'!A:A,'Tabela de Familias'!B:B)="","") | E136: SOLDA LINEAR | F136: SP5986_1_X1 | G136: =IF(F136="","",C136&"-"&F136) -> -SP5986_1_X1 | K136: E16718500 | L136: {=SUMPRODUCT(O136:AE136*$O$2:$AE$2)} -> 0.5 | M136: {=SUMPRODUCT(AF136:AV136*$AF$2:$AV$2)} -> 0.7 | N136: =L136+M136 -> 1.2 | O136: 0 | P136: 1 | Q136: 0 | R136: 0 | S136: 0 | T136: 0 | U136: 0 | V136: 0 | W136: 0 | X136: 0 | Y136: 0 | Z136: 0 | AA136: 0 | AB136: 0 | AC136: 0 | AD136: 0 | AE136: 0 | AF136: 2 | AG136: 0 | AH136: 0 | AI136: 0 | AJ136: 0 | AK136: 0 | AL136: 0 | AM136: 0 | AN136: 0 | AO136: 0 | AP136: 0 | AQ136: 0 | AR136: 0 | AS136: 0 | AT136: 0 | AU136: 0 | AV136: 0 | AW136: NA | AY136: NA | AZ136: NA | BA136: 125 | BB136: 027BTSPIN | BC136: 45056 | BE136: NA | BG136: NA | BH136: NA | BI136: NA | BJ136: NA | BK136: NA | BL136: NA | BO136: =IF(F136="","",_xlfn.CONCAT(K136&N136,IF(L136>M136,_xlfn.TEXTJOIN(,TRUE,O136:AV136),_xlfn.TEXTJOIN(,TRUE,AF136:AV136,O136:AE136)))) -> E167185001,22000000000000000001000000000000000 | BP136: =_xlfn.CONCAT(B136,N136,IF(L136>M136,_xlfn.TEXTJOIN(,TRUE,O136:AV136),_xlfn.TEXTJOIN(,TRUE,AF136:AV136,O136:AE136))) -> GMW171361,22000000000000000001000000000000000 | BQ136: =_xlfn.XLOOKUP(BO136,[1]Planilha1!$BU:$BU,[1]Planilha1!$BU:$BU,"",0,1) -> E167185001,22000000000000000001000000000000000
A137: SPIN | B137: GMW17136 | D137: =IF(_xlfn.XLOOKUP(C137,'Tabela de Familias'!A:A,'Tabela de Familias'!B:B)="","") | E137: SOLDA LINEAR | F137: SP294_1_X1 | G137: =IF(F137="","",C137&"-"&F137) -> -SP294_1_X1 | K137: E16718500 | L137: {=SUMPRODUCT(O137:AE137*$O$2:$AE$2)} -> 2.75 | M137: {=SUMPRODUCT(AF137:AV137*$AF$2:$AV$2)} -> 0.5 | N137: =L137+M137 -> 3.25 | O137: 0 | P137: 4 | Q137: 1 | R137: 0 | S137: 0 | T137: 0 | U137: 0 | V137: 0 | W137: 0 | X137: 0 | Y137: 0 | Z137: 0 | AA137: 0 | AB137: 0 | AC137: 0 | AD137: 0 | AE137: 0 | AF137: 0 | AG137: 1 | AH137: 0 | AI137: 0 | AJ137: 0 | AK137: 0 | AL137: 0 | AM137: 0 | AN137: 0 | AO137: 0 | AP137: 0 | AQ137: 0 | AR137: 0 | AS137: 0 | AT137: 0 | AU137: 0 | AV137: 0 | AW137: NA | AY137: NA | AZ137: NA | BA137: 125 | BB137: 121BTSPIN | BC137: 45050 | BD137: Carlo Calarge | BE137: Paulo Lima | BG137: NA | BH137: NA | BI137: NA | BJ137: NA | BK137: NA | BL137: NA | BM137: 2302095-0/019 | BN137: ITEN | BO137: =IF(F137="","",_xlfn.CONCAT(K137&N137,IF(L137>M137,_xlfn.TEXTJOIN(,TRUE,O137:AV137),_xlfn.TEXTJOIN(,TRUE,AF137:AV137,O137:AE137)))) -> E167185003,250410000000000000001000000000000000 | BP137: =_xlfn.CONCAT(B137,N137,IF(L137>M137,_xlfn.TEXTJOIN(,TRUE,O137:AV137),_xlfn.TEXTJOIN(,TRUE,AF137:AV137,O137:AE137))) -> GMW171363,250410000000000000001000000000000000 | BQ137: =_xlfn.XLOOKUP(BO137,[1]Planilha1!$BU:$BU,[1]Planilha1!$BU:$BU,"",0,1) -> E167185003,250410000000000000001000000000000000
A138: SPIN | B138: GMW17136 | D138: =IF(_xlfn.XLOOKUP(C138,'Tabela de Familias'!A:A,'Tabela de Familias'!B:B)="","") | E138: SOLDA LINEAR | F138: SP24_1_X1 | G138: =IF(F138="","",C138&"-"&F138) -> -SP24_1_X1 | K138: E16718500 | L138: {=SUMPRODUCT(O138:AE138*$O$2:$AE$2)} -> 0.75 | M138: {=SUMPRODUCT(AF138:AV138*$AF$2:$AV$2)} -> 1.1 | N138: =L138+M138 -> 1.85 | O138: 0 | P138: 0 | Q138: 1 | R138: 0 | S138: 0 | T138: 0 | U138: 0 | V138: 0 | W138: 0 | X138: 0 | Y138: 0 | Z138: 0 | AA138: 0 | AB138: 0 | AC138: 0 | AD138: 0 | AE138: 0 | AF138: 1 | AG138: 0 | AH138: 1 | AI138: 0 | AJ138: 0 | AK138: 0 | AL138: 0 | AM138: 0 | AN138: 0 | AO138: 0 | AP138: 0 | AQ138: 0 | AR138: 0 | AS138: 0 | AT138: 0 | AU138: 0 | AV138: 0 | AW138: NA | AY138: NA | AZ138: NA | BA138: 125 | BB138: 028BTSPIN | BC138: 45056 | BE138: NA | BG138: NA | BH138: NA | BI138: NA | BJ138: NA | BK138: NA | BL138: NA | BO138: =IF(F138="","",_xlfn.CONCAT(K138&N138,IF(L138>M138,_xlfn.TEXTJOIN(,TRUE,O138:AV138),_xlfn.TEXTJOIN(,TRUE,AF138:AV138,O138:AE138)))) -> E167185001,851010000000000000000100000000000000 | BP138: =_xlfn.CONCAT(B138,N138,IF(L138>M138,_xlfn.TEXTJOIN(,TRUE,O138:AV138),_xlfn.TEXTJOIN(,TRUE,AF138:AV138,O138:AE138))) -> GMW171361,851010000000000000000100000000000000 | BQ138: =_xlfn.XLOOKUP(BO138,[1]Planilha1!$BU:$BU,[1]Planilha1!$BU:$BU,"",0,1) -> E167185001,851010000000000000000100000000000000
A139: SPIN | B139: GMW17136 | D139: =IF(_xlfn.XLOOKUP(C139,'Tabela de Familias'!A:A,'Tabela de Familias'!B:B)="","") | E139: SOLDA LINEAR | F139: SP6815_1_X1.00 | G139: =IF(F139="","",C139&"-"&F139) -> -SP6815_1_X1.00 | K139: E16718500 | L139: {=SUMPRODUCT(O139:AE139*$O$2:$AE$2)} -> 1.25 | M139: {=SUMPRODUCT(AF139:AV139*$AF$2:$AV$2)} -> 1.5 | N139: =L139+M139 -> 2.75 | O139: 0 | P139: 1 | Q139: 1 | R139: 0 | S139: 0 | T139: 0 | U139: 0 | V139: 0 | W139: 0 | X139: 0 | Y139: 0 | Z139: 0 | AA139: 0 | AB139: 0 | AC139: 0 | AD139: 0 | AE139: 0 | AF139: 0 | AG139: 0 | AH139: 2 | AI139: 0 | AJ139: 0 | AK139: 0 | AL139: 0 | AM139: 0 | AN139: 0 | AO139: 0 | AP139: 0 | AQ139: 0 | AR139: 0 | AS139: 0 | AT139: 0 | AU139: 0 | AV139: 0 | AW139: NA | AY139: NA | AZ139: NA | BA139: 125 | BB139: 030BTSPIN | BC139: 45056 | BE139: NA | BG139: NA | BH139: NA | BI139: NA | BJ139: NA | BK139: NA | BL139: NA | BO139: =IF(F139="","",_xlfn.CONCAT(K139&N139,IF(L139>M139,_xlfn.TEXTJOIN(,TRUE,O139:AV139),_xlfn.TEXTJOIN(,TRUE,AF139:AV139,O139:AE139)))) -> E167185002,750020000000000000001100000000000000 | BP139: =_xlfn.CONCAT(B139,N139,IF(L139>M139,_xlfn.TEXTJOIN(,TRUE,O139:AV139),_xlfn.TEXTJOIN(,TRUE,AF139:AV139,O139:AE139))) -> GMW171362,750020000000000000001100000000000000 | BQ139: =_xlfn.XLOOKUP(BO139,[1]Planilha1!$BU:$BU,[1]Planilha1!$BU:$BU,"",0,1) -> E167185002,750020000000000000001100000000000000
A140: SPIN | B140: GMW17136 | D140: =IF(_xlfn.XLOOKUP(C140,'Tabela de Familias'!A:A,'Tabela de Familias'!B:B)="","") | E140: SOLDA LINEAR | F140: SP550_1_X1.01 | G140: =IF(F140="","",C140&"-"&F140) -> -SP550_1_X1.01 | K140: E16718500 | L140: {=SUMPRODUCT(O140:AE140*$O$2:$AE$2)} -> 2 | M140: {=SUMPRODUCT(AF140:AV140*$AF$2:$AV$2)} -> 3.2 | N140: =L140+M140 -> 5.2 | O140: 0 | P140: 0 | Q140: 0 | R140: 0 | S140: 0 | T140: 1 | U140: 0 | V140: 0 | W140: 0 | X140: 0 | Y140: 0 | Z140: 0 | AA140: 0 | AB140: 0 | AC140: 0 | AD140: 0 | AE140: 0 | AF140: 2 | AG140: 2 | AH140: 0 | AI140: 0 | AJ140: 1 | AK140: 0 | AL140: 0 | AM140: 0 | AN140: 0 | AO140: 0 | AP140: 0 | AQ140: 0 | AR140: 0 | AS140: 0 | AT140: 0 | AU140: 0 | AV140: 0 | AW140: NA | AY140: NA | AZ140: NA | BA140: 125 | BB140: 032BTSPIN | BC140: 45057 | BE140: NA | BG140: NA | BH140: NA | BI140: NA | BJ140: NA | BK140: NA | BL140: NA | BO140: =IF(F140="","",_xlfn.CONCAT(K140&N140,IF(L140>M140,_xlfn.TEXTJOIN(,TRUE,O140:AV140),_xlfn.TEXTJOIN(,TRUE,AF140:AV140,O140:AE140)))) -> E167185005,22200100000000000000000100000000000 | BP140: =_xlfn.CONCAT(B140,N140,IF(L140>M140,_xlfn.TEXTJOIN(,TRUE,O140:AV140),_xlfn.TEXTJOIN(,TRUE,AF140:AV140,O140:AE140))) -> GMW171365,22200100000000000000000100000000000 | BQ140: =_xlfn.XLOOKUP(BO140,[1]Planilha1!$BU:$BU,[1]Planilha1!$BU:$BU,"",0,1) -> E167185005,22200100000000000000000100000000000
A141: SPIN | B141: GMW17136 | D141: =IF(_xlfn.XLOOKUP(C141,'Tabela de Familias'!A:A,'Tabela de Familias'!B:B)="","") | E141: SOLDA LINEAR | F141: SP548_1_X1.00 | G141: =IF(F141="","",C141&"-"&F141) -> -SP548_1_X1.00 | K141: E16718500 | L141: {=SUMPRODUCT(O141:AE141*$O$2:$AE$2)} -> 1 | M141: {=SUMPRODUCT(AF141:AV141*$AF$2:$AV$2)} -> 1.35 | N141: =L141+M141 -> 2.35 | O141: 0 | P141: 2 | Q141: 0 | R141: 0 | S141: 0 | T141: 0 | U141: 0 | V141: 0 | W141: 0 | X141: 0 | Y141: 0 | Z141: 0 | AA141: 0 | AB141: 0 | AC141: 0 | AD141: 0 | AE141: 0 | AF141: 1 | AG141: 2 | AH141: 0 | AI141: 0 | AJ141: 0 | AK141: 0 | AL141: 0 | AM141: 0 | AN141: 0 | AO141: 0 | AP141: 0 | AQ141: 0 | AR141: 0 | AS141: 0 | AT141: 0 | AU141: 0 | AV141: 0 | AW141: NA | AY141: NA | AZ141: NA | BA141: 125 | BB141: 034BTSPIN | BC141: 45058 | BE141: NA | BG141: NA | BH141: NA | BI141: NA | BJ141: NA | BK141: NA | BL141: NA | BO141: =IF(F141="","",_xlfn.CONCAT(K141&N141,IF(L141>M141,_xlfn.TEXTJOIN(,TRUE,O141:AV141),_xlfn.TEXTJOIN(,TRUE,AF141:AV141,O141:AE141)))) -> E167185002,351200000000000000002000000000000000 | BP141: =_xlfn.CONCAT(B141,N141,IF(L141>M141,_xlfn.TEXTJOIN(,TRUE,O141:AV141),_xlfn.TEXTJOIN(,TRUE,AF141:AV141,O141:AE141))) -> GMW171362,351200000000000000002000000000000000 | BQ141: =_xlfn.XLOOKUP(BO141,[1]Planilha1!$BU:$BU,[1]Planilha1!$BU:$BU,"",0,1) -> E167185002,351200000000000000002000000000000000
A142: SPIN | B142: GMW17136 | D142: =IF(_xlfn.XLOOKUP(C142,'Tabela de Familias'!A:A,'Tabela de Familias'!B:B)="","") | F142: SP6817_1_X1 | G142: =IF(F142="","",C142&"-"&F142) -> -SP6817_1_X1 | K142: E16718500 | L142: {=SUMPRODUCT(O142:AE142*$O$2:$AE$2)} -> 1.05 | M142: {=SUMPRODUCT(AF142:AV142*$AF$2:$AV$2)} -> 1.05 | N142: =L142+M142 -> 2.1 | O142: 3 | P142: 0 | Q142: 0 | R142: 0 | S142: 0 | T142: 0 | U142: 0 | V142: 0 | W142: 0 | X142: 0 | Y142: 0 | Z142: 0 | AA142: 0 | AB142: 0 | AC142: 0 | AD142: 0 | AE142: 0 | AF142: 3 | AG142: 0 | AH142: 0 | AI142: 0 | AJ142: 0 | AK142: 0 | AL142: 0 | AM142: 0 | AN142: 0 | AO142: 0 | AP142: 0 | AQ142: 0 | AR142: 0 | AS142: 0 | AT142: 0 | AU142: 0 | AV142: 0 | AW142: NA | AY142: NA | AZ142: NA | BA142: 125 | BB142: 035BTSPIN | BE142: NA | BG142: NA | BH142: NA | BI142: NA | BJ142: NA | BK142: NA | BL142: NA | BO142: =IF(F142="","",_xlfn.CONCAT(K142&N142,IF(L142>M142,_xlfn.TEXTJOIN(,TRUE,O142:AV142),_xlfn.TEXTJOIN(,TRUE,AF142:AV142,O142:AE142)))) -> E167185002,13000000000000000030000000000000000 | BP142: =_xlfn.CONCAT(B142,N142,IF(L142>M142,_xlfn.TEXTJOIN(,TRUE,O142:AV142),_xlfn.TEXTJOIN(,TRUE,AF142:AV142,O142:AE142))) -> GMW171362,13000000000000000030000000000000000 | BQ142: =_xlfn.XLOOKUP(BO142,[1]Planilha1!$BU:$BU,[1]Planilha1!$BU:$BU,"",0,1)
A143: SPIN | B143: GMW17136 | D143: =IF(_xlfn.XLOOKUP(C143,'Tabela de Familias'!A:A,'Tabela de Familias'!B:B)="","") | E143: SOLDA LINEAR | F143: SP548_1_X1 | G143: =IF(F143="","",C143&"-"&F143) -> -SP548_1_X1 | K143: E16718500 | L143: {=SUMPRODUCT(O143:AE143*$O$2:$AE$2)} -> 1 | M143: {=SUMPRODUCT(AF143:AV143*$AF$2:$AV$2)} -> 0.85 | N143: =L143+M143 -> 1.85 | O143: 0 | P143: 2 | Q143: 0 | R143: 0 | S143: 0 | T143: 0 | U143: 0 | V143: 0 | W143: 0 | X143: 0 | Y143: 0 | Z143: 0 | AA143: 0 | AB143: 0 | AC143: 0 | AD143: 0 | AE143: 0 | AF143: 1 | AG143: 1 | AH143: 0 | AI143: 0 | AJ143: 0 | AK143: 0 | AL143: 0 | AM143: 0 | AN143: 0 | AO143: 0 | AP143: 0 | AQ143: 0 | AR143: 0 | AS143: 0 | AT143: 0 | AU143: 0 | AV143: 0 | AW143: NA | AY143: NA | AZ143: NA | BA143: 125 | BB143: 037BTSPIN | BC143: 45058 | BE143: NA | BG143: NA | BH143: NA | BI143: NA | BJ143: NA | BK143: NA | BL143: NA | BO143: =IF(F143="","",_xlfn.CONCAT(K143&N143,IF(L143>M143,_xlfn.TEXTJOIN(,TRUE,O143:AV143),_xlfn.TEXTJOIN(,TRUE,AF143:AV143,O143:AE143)))) -> E167185001,850200000000000000011000000000000000 | BP143: =_xlfn.CONCAT(B143,N143,IF(L143>M143,_xlfn.TEXTJOIN(,TRUE,O143:AV143),_xlfn.TEXTJOIN(,TRUE,AF143:AV143,O143:AE143))) -> GMW171361,850200000000000000011000000000000000 | BQ143: =_xlfn.XLOOKUP(BO143,[1]Planilha1!$BU:$BU,[1]Planilha1!$BU:$BU,"",0,1) -> E167185001,850200000000000000011000000000000000
A144: SPIN | B144: GMW17136 | D144: =IF(_xlfn.XLOOKUP(C144,'Tabela de Familias'!A:A,'Tabela de Familias'!B:B)="","") | F144: SP5986_1_X1.00 | G144: =IF(F144="","",C144&"-"&F144) -> -SP5986_1_X1.00 | K144: E16718500 | L144: {=SUMPRODUCT(O144:AE144*$O$2:$AE$2)} -> 0.5 | M144: {=SUMPRODUCT(AF144:AV144*$AF$2:$AV$2)} -> 1.05 | N144: =L144+M144 -> 1.55 | O144: 0 | P144: 1 | Q144: 0 | R144: 0 | S144: 0 | T144: 0 | U144: 0 | V144: 0 | W144: 0 | X144: 0 | Y144: 0 | Z144: 0 | AA144: 0 | AB144: 0 | AC144: 0 | AD144: 0 | AE144: 0 | AF144: 3 | AG144: 0 | AH144: 0 | AI144: 0 | AJ144: 0 | AK144: 0 | AL144: 0 | AM144: 0 | AN144: 0 | AO144: 0 | AP144: 0 | AQ144: 0 | AR144: 0 | AS144: 0 | AT144: 0 | AU144: 0 | AV144: 0 | AW144: NA | AY144: NA | AZ144: NA | BA144: 125 | BB144: 038BTSPIN | BE144: NA | BG144: NA | BH144: NA | BI144: NA | BJ144: NA | BK144: NA | BL144: NA | BO144: =IF(F144="","",_xlfn.CONCAT(K144&N144,IF(L144>M144,_xlfn.TEXTJOIN(,TRUE,O144:AV144),_xlfn.TEXTJOIN(,TRUE,AF144:AV144,O144:AE144)))) -> E167185001,553000000000000000001000000000000000 | BP144: =_xlfn.CONCAT(B144,N144,IF(L144>M144,_xlfn.TEXTJOIN(,TRUE,O144:AV144),_xlfn.TEXTJOIN(,TRUE,AF144:AV144,O144:AE144))) -> GMW171361,553000000000000000001000000000000000 | BQ144: =_xlfn.XLOOKUP(BO144,[1]Planilha1!$BU:$BU,[1]Planilha1!$BU:$BU,"",0,1)
A145: SPIN | B145: GMW17136 | D145: =IF(_xlfn.XLOOKUP(C145,'Tabela de Familias'!A:A,'Tabela de Familias'!B:B)="","") | E145: SOLDA LINEAR | F145: SP650_1_X1.00 | G145: =IF(F145="","",C145&"-"&F145) -> -SP650_1_X1.00 | K145: E16718500 | L145: {=SUMPRODUCT(O145:AE145*$O$2:$AE$2)} -> 1.2 | M145: {=SUMPRODUCT(AF145:AV145*$AF$2:$AV$2)} -> 3.5 | N145: =L145+M145 -> 4.7 | O145: 2 | P145: 1 | Q145: 0 | R145: 0 | S145: 0 | T145: 0 | U145: 0 | V145: 0 | W145: 0 | X145: 0 | Y145: 0 | Z145: 0 | AA145: 0 | AB145: 0 | AC145: 0 | AD145: 0 | AE145: 0 | AF145: 0 | AG145: 0 | AH145: 0 | AI145: 0 | AJ145: 1 | AK145: 1 | AL145: 0 | AM145: 0 | AN145: 0 | AO145: 0 | AP145: 0 | AQ145: 0 | AR145: 0 | AS145: 0 | AT145: 0 | AU145: 0 | AV145: 0 | AW145: NA | AY145: NA | AZ145: NA | BA145: 125 | BB145: 039BTSPIN | BC145: 45058 | BE145: NA | BG145: NA | BH145: NA | BI145: NA | BJ145: NA | BK145: NA | BL145: NA | BO145: =IF(F145="","",_xlfn.CONCAT(K145&N145,IF(L145>M145,_xlfn.TEXTJOIN(,TRUE,O145:AV145),_xlfn.TEXTJOIN(,TRUE,AF145:AV145,O145:AE145)))) -> E167185004,70000110000000000021000000000000000 | BP145: =_xlfn.CONCAT(B145,N145,IF(L145>M145,_xlfn.TEXTJOIN(,TRUE,O145:AV145),_xlfn.TEXTJOIN(,TRUE,AF145:AV145,O145:AE145))) -> GMW171364,70000110000000000021000000000000000 | BQ145: =_xlfn.XLOOKUP(BO145,[1]Planilha1!$BU:$BU,[1]Planilha1!$BU:$BU,"",0,1) -> E167185004,70000110000000000021000000000000000
A146: SPIN | B146: GMW17136 | D146: =IF(_xlfn.XLOOKUP(C146,'Tabela de Familias'!A:A,'Tabela de Familias'!B:B)="","") | E146: SOLDA LINEAR | F146: SP440_1_X1.00 | G146: =IF(F146="","",C146&"-"&F146) -> -SP440_1_X1.00 | K146: E16718500 | L146: {=SUMPRODUCT(O146:AE146*$O$2:$AE$2)} -> 1.2 | M146: {=SUMPRODUCT(AF146:AV146*$AF$2:$AV$2)} -> 0.85 | N146: =L146+M146 -> 2.05 | O146: 2 | P146: 1 | Q146: 0 | R146: 0 | S146: 0 | T146: 0 | U146: 0 | V146: 0 | W146: 0 | X146: 0 | Y146: 0 | Z146: 0 | AA146: 0 | AB146: 0 | AC146: 0 | AD146: 0 | AE146: 0 | AF146: 1 | AG146: 1 | AH146: 0 | AI146: 0 | AJ146: 0 | AK146: 0 | AL146: 0 | AM146: 0 | AN146: 0 | AO146: 0 | AP146: 0 | AQ146: 0 | AR146: 0 | AS146: 0 | AT146: 0 | AU146: 0 | AV146: 0 | AW146: NA | AY146: NA | AZ146: NA | BA146: 125 | BB146: 040BTSPIN | BC146: 45058 | BE146: NA | BG146: NA | BH146: NA | BI146: NA | BJ146: NA | BK146: NA | BL146: NA | BO146: =IF(F146="","",_xlfn.CONCAT(K146&N146,IF(L146>M146,_xlfn.TEXTJOIN(,TRUE,O146:AV146),_xlfn.TEXTJOIN(,TRUE,AF146:AV146,O146:AE146)))) -> E167185002,052100000000000000011000000000000000 | BP146: =_xlfn.CONCAT(B146,N146,IF(L146>M146,_xlfn.TEXTJOIN(,TRUE,O146:AV146),_xlfn.TEXTJOIN(,TRUE,AF146:AV146,O146:AE146))) -> GMW171362,052100000000000000011000000000000000 | BQ146: =_xlfn.XLOOKUP(BO146,[1]Planilha1!$BU:$BU,[1]Planilha1!$BU:$BU,"",0,1) -> E167185002,052100000000000000011000000000000000
A147: SPIN | B147: GMW17136 | D147: =IF(_xlfn.XLOOKUP(C147,'Tabela de Familias'!A:A,'Tabela de Familias'!B:B)="","") | E147: SOLDA LINEAR | F147: SP1050_1_X1 | G147: =IF(F147="","",C147&"-"&F147) -> -SP1050_1_X1 | K147: E16718500 | L147: {=SUMPRODUCT(O147:AE147*$O$2:$AE$2)} -> 1 | M147: {=SUMPRODUCT(AF147:AV147*$AF$2:$AV$2)} -> 0.35 | N147: =L147+M147 -> 1.35 | O147: 0 | P147: 2 | Q147: 0 | R147: 0 | S147: 0 | T147: 0 | U147: 0 | V147: 0 | W147: 0 | X147: 0 | Y147: 0 | Z147: 0 | AA147: 0 | AB147: 0 | AC147: 0 | AD147: 0 | AE147: 0 | AF147: 1 | AG147: 0 | AH147: 0 | AI147: 0 | AJ147: 0 | AK147: 0 | AL147: 0 | AM147: 0 | AN147: 0 | AO147: 0 | AP147: 0 | AQ147: 0 | AR147: 0 | AS147: 0 | AT147: 0 | AU147: 0 | AV147: 0 | AW147: NA | AY147: NA | AZ147: NA | BA147: 125 | BB147: 041BTSPIN | BC147: 45058 | BE147: NA | BG147: NA | BH147: NA | BI147: NA | BJ147: NA | BK147: NA | BL147: NA | BO147: =IF(F147="","",_xlfn.CONCAT(K147&N147,IF(L147>M147,_xlfn.TEXTJOIN(,TRUE,O147:AV147),_xlfn.TEXTJOIN(,TRUE,AF147:AV147,O147:AE147)))) -> E167185001,350200000000000000010000000000000000 | BP147: =_xlfn.CONCAT(B147,N147,IF(L147>M147,_xlfn.TEXTJOIN(,TRUE,O147:AV147),_xlfn.TEXTJOIN(,TRUE,AF147:AV147,O147:AE147))) -> GMW171361,350200000000000000010000000000000000 | BQ147: =_xlfn.XLOOKUP(BO147,[1]Planilha1!$BU:$BU,[1]Planilha1!$BU:$BU,"",0,1) -> E167185001,350200000000000000010000000000000000
A148: SPIN | B148: GMW17136 | D148: =IF(_xlfn.XLOOKUP(C148,'Tabela de Familias'!A:A,'Tabela de Familias'!B:B)="","") | E148: SOLDA LINEAR | F148: SP650_1_X1 | G148: =IF(F148="","",C148&"-"&F148) -> -SP650_1_X1 | K148: E16718500 | L148: {=SUMPRODUCT(O148:AE148*$O$2:$AE$2)} -> 0.85 | M148: {=SUMPRODUCT(AF148:AV148*$AF$2:$AV$2)} -> 3.5 | N148: =L148+M148 -> 4.35 | O148: 1 | P148: 1 | Q148: 0 | R148: 0 | S148: 0 | T148: 0 | U148: 0 | V148: 0 | W148: 0 | X148: 0 | Y148: 0 | Z148: 0 | AA148: 0 | AB148: 0 | AC148: 0 | AD148: 0 | AE148: 0 | AF148: 0 | AG148: 0 | AH148: 0 | AI148: 0 | AJ148: 1 | AK148: 1 | AL148: 0 | AM148: 0 | AN148: 0 | AO148: 0 | AP148: 0 | AQ148: 0 | AR148: 0 | AS148: 0 | AT148: 0 | AU148: 0 | AV148: 0 | AW148: NA | AY148: NA | AZ148: NA | BA148: 125 | BB148: 042BTSPIN | BC148: 45061 | BE148: NA | BG148: NA | BH148: NA | BI148: NA | BJ148: NA | BK148: NA | BL148: NA | BO148: =IF(F148="","",_xlfn.CONCAT(K148&N148,IF(L148>M148,_xlfn.TEXTJOIN(,TRUE,O148:AV148),_xlfn.TEXTJOIN(,TRUE,AF148:AV148,O148:AE148)))) -> E167185004,350000110000000000011000000000000000 | BP148: =_xlfn.CONCAT(B148,N148,IF(L148>M148,_xlfn.TEXTJOIN(,TRUE,O148:AV148),_xlfn.TEXTJOIN(,TRUE,AF148:AV148,O148:AE148))) -> GMW171364,350000110000000000011000000000000000 | BQ148: =_xlfn.XLOOKUP(BO148,[1]Planilha1!$BU:$BU,[1]Planilha1!$BU:$BU,"",0,1) -> E167185004,350000110000000000011000000000000000
A149: SPIN | B149: GMW17136 | D149: =IF(_xlfn.XLOOKUP(C149,'Tabela de Familias'!A:A,'Tabela de Familias'!B:B)="","") | E149: SOLDA LINEAR | F149: SP1750_1_X1.00 | G149: =IF(F149="","",C149&"-"&F149) -> -SP1750_1_X1.00 | K149: E16718500 | L149: {=SUMPRODUCT(O149:AE149*$O$2:$AE$2)} -> 1 | M149: {=SUMPRODUCT(AF149:AV149*$AF$2:$AV$2)} -> 2.5 | N149: =L149+M149 -> 3.5 | O149: 0 | P149: 2 | Q149: 0 | R149: 0 | S149: 0 | T149: 0 | U149: 0 | V149: 0 | W149: 0 | X149: 0 | Y149: 0 | Z149: 0 | AA149: 0 | AB149: 0 | AC149: 0 | AD149: 0 | AE149: 0 | AF149: 0 | AG149: 2 | AH149: 0 | AI149: 0 | AJ149: 1 | AK149: 0 | AL149: 0 | AM149: 0 | AN149: 0 | AO149: 0 | AP149: 0 | AQ149: 0 | AR149: 0 | AS149: 0 | AT149: 0 | AU149: 0 | AV149: 0 | AW149: NA | AY149: NA | AZ149: NA | BA149: 125 | BB149: 043BTSPIN | BC149: 45061 | BE149: NA | BG149: NA | BH149: NA | BI149: NA | BJ149: NA | BK149: NA | BL149: NA | BO149: =IF(F149="","",_xlfn.CONCAT(K149&N149,IF(L149>M149,_xlfn.TEXTJOIN(,TRUE,O149:AV149),_xlfn.TEXTJOIN(,TRUE,AF149:AV149,O149:AE149)))) -> E167185003,50200100000000000002000000000000000 | BP149: =_xlfn.CONCAT(B149,N149,IF(L149>M149,_xlfn.TEXTJOIN(,TRUE,O149:AV149),_xlfn.TEXTJOIN(,TRUE,AF149:AV149,O149:AE149))) -> GMW171363,50200100000000000002000000000000000 | BQ149: =_xlfn.XLOOKUP(BO149,[1]Planilha1!$BU:$BU,[1]Planilha1!$BU:$BU,"",0,1) -> E167185003,50200100000000000002000000000000000
A150: SPIN | B150: GMW17136 | D150: =IF(_xlfn.XLOOKUP(C150,'Tabela de Familias'!A:A,'Tabela de Familias'!B:B)="","") | E150: SOLDA LINEAR | F150: SP1750_1_X1.00 | G150: =IF(F150="","",C150&"-"&F150) -> -SP1750_1_X1.00 | K150: E16718500 | L150: {=SUMPRODUCT(O150:AE150*$O$2:$AE$2)} -> 0.75 | M150: {=SUMPRODUCT(AF150:AV150*$AF$2:$AV$2)} -> 2.5 | N150: =L150+M150 -> 3.25 | O150: 0 | P150: 0 | Q150: 1 | R150: 0 | S150: 0 | T150: 0 | U150: 0 | V150: 0 | W150: 0 | X150: 0 | Y150: 0 | Z150: 0 | AA150: 0 | AB150: 0 | AC150: 0 | AD150: 0 | AE150: 0 | AF150: 0 | AG150: 2 | AH150: 0 | AI150: 0 | AJ150: 1 | AK150: 0 | AL150: 0 | AM150: 0 | AN150: 0 | AO150: 0 | AP150: 0 | AQ150: 0 | AR150: 0 | AS150: 0 | AT150: 0 | AU150: 0 | AV150: 0 | AW150: NA | AY150: NA | AZ150: NA | BA150: 125 | BB150: 045BTSPIN | BC150: 45061 | BE150: NA | BG150: NA | BH150: NA | BI150: NA | BJ150: NA | BK150: NA | BL150: NA | BO150: =IF(F150="","",_xlfn.CONCAT(K150&N150,IF(L150>M150,_xlfn.TEXTJOIN(,TRUE,O150:AV150),_xlfn.TEXTJOIN(,TRUE,AF150:AV150,O150:AE150)))) -> E167185003,250200100000000000000100000000000000 | BP150: =_xlfn.CONCAT(B150,N150,IF(L150>M150,_xlfn.TEXTJOIN(,TRUE,O150:AV150),_xlfn.TEXTJOIN(,TRUE,AF150:AV150,O150:AE150))) -> GMW171363,250200100000000000000100000000000000 | BQ150: =_xlfn.XLOOKUP(BO150,[1]Planilha1!$BU:$BU,[1]Planilha1!$BU:$BU,"",0,1) -> E167185003,250200100000000000000100000000000000
A151: SPIN | B151: GMW17136 | D151: =IF(_xlfn.XLOOKUP(C151,'Tabela de Familias'!A:A,'Tabela de Familias'!B:B)="","") | E151: SOLDA LINEAR | F151: SP1250B_1_X1 | G151: =IF(F151="","",C151&"-"&F151) -> -SP1250B_1_X1 | K151: E16718500 | L151: {=SUMPRODUCT(O151:AE151*$O$2:$AE$2)} -> 1.55 | M151: {=SUMPRODUCT(AF151:AV151*$AF$2:$AV$2)} -> 1.55 | N151: =L151+M151 -> 3.1 | O151: 3 | P151: 1 | Q151: 0 | R151: 0 | S151: 0 | T151: 0 | U151: 0 | V151: 0 | W151: 0 | X151: 0 | Y151: 0 | Z151: 0 | AA151: 0 | AB151: 0 | AC151: 0 | AD151: 0 | AE151: 0 | AF151: 3 | AG151: 1 | AH151: 0 | AI151: 0 | AJ151: 0 | AK151: 0 | AL151: 0 | AM151: 0 | AN151: 0 | AO151: 0 | AP151: 0 | AQ151: 0 | AR151: 0 | AS151: 0 | AT151: 0 | AU151: 0 | AV151: 0 | AW151: NA | AY151: NA | AZ151: NA | BA151: 125 | BB151: 046BTSPIN | BC151: 45061 | BE151: NA | BG151: NA | BH151: NA | BI151: NA | BJ151: NA | BK151: NA | BL151: NA | BO151: =IF(F151="","",_xlfn.CONCAT(K151&N151,IF(L151>M151,_xlfn.TEXTJOIN(,TRUE,O151:AV151),_xlfn.TEXTJOIN(,TRUE,AF151:AV151,O151:AE151)))) -> E167185003,13100000000000000031000000000000000 | BP151: =_xlfn.CONCAT(B151,N151,IF(L151>M151,_xlfn.TEXTJOIN(,TRUE,O151:AV151),_xlfn.TEXTJOIN(,TRUE,AF151:AV151,O151:AE151))) -> GMW171363,13100000000000000031000000000000000 | BQ151: =_xlfn.XLOOKUP(BO151,[1]Planilha1!$BU:$BU,[1]Planilha1!$BU:$BU,"",0,1) -> E167185003,13100000000000000031000000000000000
A152: SPIN | B152: GMW17136 | D152: =IF(_xlfn.XLOOKUP(C152,'Tabela de Familias'!A:A,'Tabela de Familias'!B:B)="","") | E152: SOLDA LINEAR | F152: SP150B_1_X1 | G152: =IF(F152="","",C152&"-"&F152) -> -SP150B_1_X1 | K152: E16718500 | L152: {=SUMPRODUCT(O152:AE152*$O$2:$AE$2)} -> 2.25 | M152: {=SUMPRODUCT(AF152:AV152*$AF$2:$AV$2)} -> 2.5 | N152: =L152+M152 -> 4.75 | O152: 0 | P152: 0 | Q152: 1 | R152: 0 | S152: 1 | T152: 0 | U152: 0 | V152: 0 | W152: 0 | X152: 0 | Y152: 0 | Z152: 0 | AA152: 0 | AB152: 0 | AC152: 0 | AD152: 0 | AE152: 0 | AF152: 0 | AG152: 0 | AH152: 0 | AI152: 0 | AJ152: 0 | AK152: 0 | AL152: 1 | AM152: 0 | AN152: 0 | AO152: 0 | AP152: 0 | AQ152: 0 | AR152: 0 | AS152: 0 | AT152: 0 | AU152: 0 | AV152: 0 | AW152: NA | AY152: NA | AZ152: NA | BA152: 125 | BB152: 047BTSPIN | BC152: 45061 | BE152: NA | BG152: NA | BH152: NA | BI152: NA | BJ152: NA | BK152: NA | BL152: NA | BO152: =IF(F152="","",_xlfn.CONCAT(K152&N152,IF(L152>M152,_xlfn.TEXTJOIN(,TRUE,O152:AV152),_xlfn.TEXTJOIN(,TRUE,AF152:AV152,O152:AE152)))) -> E167185004,750000001000000000000101000000000000 | BP152: =_xlfn.CONCAT(B152,N152,IF(L152>M152,_xlfn.TEXTJOIN(,TRUE,O152:AV152),_xlfn.TEXTJOIN(,TRUE,AF152:AV152,O152:AE152))) -> GMW171364,750000001000000000000101000000000000 | BQ152: =_xlfn.XLOOKUP(BO152,[1]Planilha1!$BU:$BU,[1]Planilha1!$BU:$BU,"",0,1) -> E167185004,750000001000000000000101000000000000
A153: SPIN | B153: GMW17136 | D153: =IF(_xlfn.XLOOKUP(C153,'Tabela de Familias'!A:A,'Tabela de Familias'!B:B)="","") | E153: SOLDA LINEAR | F153: SP440_1_X1 | G153: =IF(F153="","",C153&"-"&F153) -> -SP440_1_X1 | K153: E16718500 | L153: {=SUMPRODUCT(O153:AE153*$O$2:$AE$2)} -> 0.35 | M153: {=SUMPRODUCT(AF153:AV153*$AF$2:$AV$2)} -> 1.2 | N153: =L153+M153 -> 1.55 | O153: 1 | P153: 0 | Q153: 0 | R153: 0 | S153: 0 | T153: 0 | U153: 0 | V153: 0 | W153: 0 | X153: 0 | Y153: 0 | Z153: 0 | AA153: 0 | AB153: 0 | AC153: 0 | AD153: 0 | AE153: 0 | AF153: 2 | AG153: 1 | AH153: 0 | AI153: 0 | AJ153: 0 | AK153: 0 | AL153: 0 | AM153: 0 | AN153: 0 | AO153: 0 | AP153: 0 | AQ153: 0 | AR153: 0 | AS153: 0 | AT153: 0 | AU153: 0 | AV153: 0 | AW153: NA | AY153: NA | AZ153: NA | BA153: 125 | BB153: 048BTSPIN | BC153: 45061 | BE153: NA | BG153: NA | BH153: NA | BI153: NA | BJ153: NA | BK153: NA | BL153: NA | BO153: =IF(F153="","",_xlfn.CONCAT(K153&N153,IF(L153>M153,_xlfn.TEXTJOIN(,TRUE,O153:AV153),_xlfn.TEXTJOIN(,TRUE,AF153:AV153,O153:AE153)))) -> E167185001,552100000000000000010000000000000000 | BP153: =_xlfn.CONCAT(B153,N153,IF(L153>M153,_xlfn.TEXTJOIN(,TRUE,O153:AV153),_xlfn.TEXTJOIN(,TRUE,AF153:AV153,O153:AE153))) -> GMW171361,552100000000000000010000000000000000 | BQ153: =_xlfn.XLOOKUP(BO153,[1]Planilha1!$BU:$BU,[1]Planilha1!$BU:$BU,"",0,1) -> E167185001,552100000000000000010000000000000000
A154: SPIN | B154: GMW17136 | D154: =IF(_xlfn.XLOOKUP(C154,'Tabela de Familias'!A:A,'Tabela de Familias'!B:B)="","") | E154: SOLDA LINEAR | F154: SP550_1_X1.00 | G154: =IF(F154="","",C154&"-"&F154) -> -SP550_1_X1.00 | K154: E16718500 | L154: {=SUMPRODUCT(O154:AE154*$O$2:$AE$2)} -> 2 | M154: {=SUMPRODUCT(AF154:AV154*$AF$2:$AV$2)} -> 2.85 | N154: =L154+M154 -> 4.85 | O154: 0 | P154: 0 | Q154: 0 | R154: 0 | S154: 0 | T154: 1 | U154: 0 | V154: 0 | W154: 0 | X154: 0 | Y154: 0 | Z154: 0 | AA154: 0 | AB154: 0 | AC154: 0 | AD154: 0 | AE154: 0 | AF154: 1 | AG154: 2 | AH154: 0 | AI154: 0 | AJ154: 1 | AK154: 0 | AL154: 0 | AM154: 0 | AN154: 0 | AO154: 0 | AP154: 0 | AQ154: 0 | AR154: 0 | AS154: 0 | AT154: 0 | AU154: 0 | AV154: 0 | AW154: NA | AY154: NA | AZ154: NA | BA154: 125 | BB154: 049BTSPIN | BC154: 45061 | BE154: NA | BG154: NA | BH154: NA | BI154: NA | BJ154: NA | BK154: NA | BL154: NA | BO154: =IF(F154="","",_xlfn.CONCAT(K154&N154,IF(L154>M154,_xlfn.TEXTJOIN(,TRUE,O154:AV154),_xlfn.TEXTJOIN(,TRUE,AF154:AV154,O154:AE154)))) -> E167185004,851200100000000000000000100000000000 | BP154: =_xlfn.CONCAT(B154,N154,IF(L154>M154,_xlfn.TEXTJOIN(,TRUE,O154:AV154),_xlfn.TEXTJOIN(,TRUE,AF154:AV154,O154:AE154))) -> GMW171364,851200100000000000000000100000000000 | BQ154: =_xlfn.XLOOKUP(BO154,[1]Planilha1!$BU:$BU,[1]Planilha1!$BU:$BU,"",0,1) -> E167185004,851200100000000000000000100000000000
A155: SPIN | B155: GMW17136 | D155: =IF(_xlfn.XLOOKUP(C155,'Tabela de Familias'!A:A,'Tabela de Familias'!B:B)="","") | E155: SOLDA LINEAR | F155: SP4540_1_X1 | G155: =IF(F155="","",C155&"-"&F155) -> -SP4540_1_X1 | K155: E16718500 | L155: {=SUMPRODUCT(O155:AE155*$O$2:$AE$2)} -> 0.5 | M155: {=SUMPRODUCT(AF155:AV155*$AF$2:$AV$2)} -> 0.85 | N155: =L155+M155 -> 1.35 | O155: 0 | P155: 1 | Q155: 0 | R155: 0 | S155: 0 | T155: 0 | U155: 0 | V155: 0 | W155: 0 | X155: 0 | Y155: 0 | Z155: 0 | AA155: 0 | AB155: 0 | AC155: 0 | AD155: 0 | AE155: 0 | AF155: 1 | AG155: 1 | AH155: 0 | AI155: 0 | AJ155: 0 | AK155: 0 | AL155: 0 | AM155: 0 | AN155: 0 | AO155: 0 | AP155: 0 | AQ155: 0 | AR155: 0 | AS155: 0 | AT155: 0 | AU155: 0 | AV155: 0 | AW155: NA | AY155: NA | AZ155: NA | BA155: 125 | BB155: 050BTSPIN | BC155: 45061 | BE155: NA | BG155: NA | BH155: NA | BI155: NA | BJ155: NA | BK155: NA | BL155: NA | BO155: =IF(F155="","",_xlfn.CONCAT(K155&N155,IF(L155>M155,_xlfn.TEXTJOIN(,TRUE,O155:AV155),_xlfn.TEXTJOIN(,TRUE,AF155:AV155,O155:AE155)))) -> E167185001,351100000000000000001000000000000000 | BP155: =_xlfn.CONCAT(B155,N155,IF(L155>M155,_xlfn.TEXTJOIN(,TRUE,O155:AV155),_xlfn.TEXTJOIN(,TRUE,AF155:AV155,O155:AE155))) -> GMW171361,351100000000000000001000000000000000 | BQ155: =_xlfn.XLOOKUP(BO155,[1]Planilha1!$BU:$BU,[1]Planilha1!$BU:$BU,"",0,1) -> E167185001,351100000000000000001000000000000000
A156: GEM | B156: USCAR45 | G156: =IF(F156="","",C156&"-"&F156) | L156: 0.35 | M156: 0.7 | N156: 1.05 | O156: 1 | P156: 0 | Q156: 0 | R156: 0 | S156: 0 | T156: 0 | U156: 0 | V156: 0 | W156: 0 | X156: 0 | Y156: 0 | Z156: 0 | AA156: 0 | AB156: 0 | AC156: 0 | AD156: 0 | AE156: 0 | AF156: 2 | AG156: 0 | AH156: 0 | AI156: 0 | AJ156: 0 | AK156: 0 | AL156: 0 | AM156: 0 | AN156: 0 | AO156: 0 | AP156: 0 | AQ156: 0 | AR156: 0 | AS156: 0 | AT156: 0 | AU156: 0 | AV156: 0 | AY156: NA | AZ156: NA | BB156: 021 | BE156: NA | BO156: =IF(F156="","",_xlfn.CONCAT(K156&N156,IF(L156>M156,_xlfn.TEXTJOIN(,TRUE,O156:AV156),_xlfn.TEXTJOIN(,TRUE,AF156:AV156,O156:AE156)))) | BP156: =_xlfn.CONCAT(B156,N156,IF(L156>M156,_xlfn.TEXTJOIN(,TRUE,O156:AV156),_xlfn.TEXTJOIN(,TRUE,AF156:AV156,O156:AE156))) -> USCAR451,052000000000000000010000000000000000 | BQ156: =_xlfn.XLOOKUP(BO156,[1]Planilha1!$BU:$BU,[1]Planilha1!$BU:$BU,"",0,1)
A157: GEM | B157: USCAR45 | G157: =IF(F157="","",C157&"-"&F157) | L157: 0.7 | M157: 0.5 | N157: 1.2 | O157: 2 | P157: 0 | Q157: 0 | R157: 0 | S157: 0 | T157: 0 | V157: 0 | W157: 0 | X157: 0 | Y157: 0 | Z157: 0 | AA157: 0 | AB157: 0 | AC157: 0 | AD157: 0 | AE157: 0 | AF157: 0 | AG157: 1 | AH157: 0 | AI157: 0 | AJ157: 0 | AK157: 0 | AL157: 0 | AM157: 0 | AN157: 0 | AO157: 0 | AP157: 0 | AQ157: 0 | AR157: 0 | AS157: 0 | AT157: 0 | AU157: 0 | AV157: 0 | AY157: NA | AZ157: NA | BB157: 02 | BE157: NA | BO157: =IF(F157="","",_xlfn.CONCAT(K157&N157,IF(L157>M157,_xlfn.TEXTJOIN(,TRUE,O157:AV157),_xlfn.TEXTJOIN(,TRUE,AF157:AV157,O157:AE157)))) | BP157: =_xlfn.CONCAT(B157,N157,IF(L157>M157,_xlfn.TEXTJOIN(,TRUE,O157:AV157),_xlfn.TEXTJOIN(,TRUE,AF157:AV157,O157:AE157))) -> USCAR451,2200000000000000001000000000000000 | BQ157: =_xlfn.XLOOKUP(BO157,[1]Planilha1!$BU:$BU,[1]Planilha1!$BU:$BU,"",0,1)
A158: GEM | B158: USCAR45 | G158: =IF(F158="","",C158&"-"&F158) | L158: 1.05 | M158: 0.5 | N158: 1.55 | O158: 3 | P158: 0 | Q158: 0 | R158: 0 | S158: 0 | T158: 0 | U158: 0 | V158: 0 | W158: 0 | X158: 0 | Y158: 0 | Z158: 0 | AA158: 0 | AB158: 0 | AC158: 0 | AD158: 0 | AE158: 0 | AF158: 0 | AG158: 1 | AH158: 0 | AI158: 0 | AJ158: 0 | AK158: 0 | AL158: 0 | AM158: 0 | AN158: 0 | AO158: 0 | AP158: 0 | AQ158: 0 | AR158: 0 | AS158: 0 | AT158: 0 | AU158: 0 | AV158: 0 | AY158: NA | AZ158: NA | BB158: 03 | BE158: NA | BO158: =IF(F158="","",_xlfn.CONCAT(K158&N158,IF(L158>M158,_xlfn.TEXTJOIN(,TRUE,O158:AV158),_xlfn.TEXTJOIN(,TRUE,AF158:AV158,O158:AE158)))) | BP158: =_xlfn.CONCAT(B158,N158,IF(L158>M158,_xlfn.TEXTJOIN(,TRUE,O158:AV158),_xlfn.TEXTJOIN(,TRUE,AF158:AV158,O158:AE158))) -> USCAR451,553000000000000000001000000000000000 | BQ158: =_xlfn.XLOOKUP(BO158,[1]Planilha1!$BU:$BU,[1]Planilha1!$BU:$BU,"",0,1)
A159: GEM | B159: USCAR45 | G159: =IF(F159="","",C159&"-"&F159) | L159: 1.05 | M159: 0.85 | N159: 1.9 | O159: 3 | P159: 0 | Q159: 0 | R159: 0 | S159: 0 | T159: 0 | U159: 0 | V159: 0 | W159: 0 | X159: 0 | Y159: 0 | Z159: 0 | AA159: 0 | AB159: 0 | AC159: 0 | AD159: 0 | AE159: 0 | AF159: 1 | AG159: 1 | AH159: 0 | AI159: 0 | AJ159: 0 | AK159: 0 | AL159: 0 | AM159: 0 | AN159: 0 | AO159: 0 | AP159: 0 | AQ159: 0 | AR159: 0 | AS159: 0 | AT159: 0 | AU159: 0 | AV159: 0 | AY159: NA | AZ159: NA | BB159: 04 | BE159: NA | BO159: =IF(F159="","",_xlfn.CONCAT(K159&N159,IF(L159>M159,_xlfn.TEXTJOIN(,TRUE,O159:AV159),_xlfn.TEXTJOIN(,TRUE,AF159:AV159,O159:AE159)))) | BP159: =_xlfn.CONCAT(B159,N159,IF(L159>M159,_xlfn.TEXTJOIN(,TRUE,O159:AV159),_xlfn.TEXTJOIN(,TRUE,AF159:AV159,O159:AE159))) -> USCAR451,93000000000000000011000000000000000 | BQ159: =_xlfn.XLOOKUP(BO159,[1]Planilha1!$BU:$BU,[1]Planilha1!$BU:$BU,"",0,1)
A160: GEM | B160: USCAR45 | G160: =IF(F160="","",C160&"-"&F160) | L160: 1.05 | M160: 1.05 | N160: 2.1 | O160: 3 | P160: 0 | Q160: 0 | R160: 0 | S160: 0 | T160: 0 | U160: 0 | V160: 0 | W160: 0 | X160: 0 | Y160: 0 | Z160: 0 | AA160: 0 | AB160: 0 | AC160: 0 | AD160: 0 | AE160: 0 | AF160: 3 | AG160: 0 | AH160: 0 | AI160: 0 | AJ160: 0 | AK160: 0 | AL160: 0 | AM160: 0 | AN160: 0 | AO160: 0 | AP160: 0 | AQ160: 0 | AR160: 0 | AS160: 0 | AT160: 0 | AU160: 0 | AV160: 0 | AY160: NA | AZ160: NA | BB160: 05 | BE160: NA | BO160: =IF(F160="","",_xlfn.CONCAT(K160&N160,IF(L160>M160,_xlfn.TEXTJOIN(,TRUE,O160:AV160),_xlfn.TEXTJOIN(,TRUE,AF160:AV160,O160:AE160)))) | BP160: =_xlfn.CONCAT(B160,N160,IF(L160>M160,_xlfn.TEXTJOIN(,TRUE,O160:AV160),_xlfn.TEXTJOIN(,TRUE,AF160:AV160,O160:AE160))) -> USCAR452,13000000000000000030000000000000000 | BQ160: =_xlfn.XLOOKUP(BO160,[1]Planilha1!$BU:$BU,[1]Planilha1!$BU:$BU,"",0,1)
A161: GEM | B161: USCAR45 | G161: =IF(F161="","",C161&"-"&F161) | L161: 0.7 | M161: 0.7 | N161: 1.4 | O161: 2 | P161: 0 | Q161: 0 | R161: 0 | S161: 0 | T161: 0 | U161: 0 | V161: 0 | W161: 0 | X161: 0 | Y161: 0 | Z161: 0 | AA161: 0 | AB161: 0 | AC161: 0 | AD161: 0 | AE161: 0 | AF161: 2 | AG161: 0 | AH161: 0 | AI161: 0 | AJ161: 0 | AK161: 0 | AL161: 0 | AM161: 0 | AN161: 0 | AO161: 0 | AP161: 0 | AQ161: 0 | AR161: 0 | AS161: 0 | AT161: 0 | AU161: 0 | AV161: 0 | AY161: NA | AZ161: NA | BB161: 0006spin/0318bbt | BC161: 45764 | BD161: Rogério Santos | BE161: NA | BO161: =IF(F161="","",_xlfn.CONCAT(K161&N161,IF(L161>M161,_xlfn.TEXTJOIN(,TRUE,O161:AV161),_xlfn.TEXTJOIN(,TRUE,AF161:AV161,O161:AE161)))) | BP161: =_xlfn.CONCAT(B161,N161,IF(L161>M161,_xlfn.TEXTJOIN(,TRUE,O161:AV161),_xlfn.TEXTJOIN(,TRUE,AF161:AV161,O161:AE161))) -> USCAR451,42000000000000000020000000000000000 | BQ161: =_xlfn.XLOOKUP(BO161,[1]Planilha1!$BU:$BU,[1]Planilha1!$BU:$BU,"",0,1)
A162: GEM | B162: USCAR45 | G162: =IF(F162="","",C162&"-"&F162) | L162: 1.25 | M162: 0.5 | N162: 1.75 | O162: 0 | P162: 1 | Q162: 1 | R162: 0 | S162: 0 | T162: 0 | U162: 0 | V162: 0 | W162: 0 | X162: 0 | Y162: 0 | Z162: 0 | AA162: 0 | AB162: 0 | AC162: 0 | AD162: 0 | AE162: 0 | AF162: 0 | AG162: 1 | AH162: 0 | AI162: 0 | AJ162: 0 | AK162: 0 | AL162: 0 | AM162: 0 | AN162: 0 | AO162: 0 | AP162: 0 | AQ162: 0 | AR162: 0 | AS162: 0 | AT162: 0 | AU162: 0 | AV162: 0 | AY162: NA | AZ162: NA | BA162: 30 | BB162: 07 FF/0324BBT | BC162: 45764 | BD162: Rogério Santos | BE162: NA | BO162: =IF(F162="","",_xlfn.CONCAT(K162&N162,IF(L162>M162,_xlfn.TEXTJOIN(,TRUE,O162:AV162),_xlfn.TEXTJOIN(,TRUE,AF162:AV162,O162:AE162)))) | BP162: =_xlfn.CONCAT(B162,N162,IF(L162>M162,_xlfn.TEXTJOIN(,TRUE,O162:AV162),_xlfn.TEXTJOIN(,TRUE,AF162:AV162,O162:AE162))) -> USCAR451,750110000000000000001000000000000000 | BQ162: =_xlfn.XLOOKUP(BO162,[1]Planilha1!$BU:$BU,[1]Planilha1!$BU:$BU,"",0,1)
A163: GEM | B163: USCAR45 | G163: =IF(F163="","",C163&"-"&F163) | L163: 1.1 | M163: 0.35 | N163: 1.45 | O163: 1 | P163: 0 | Q163: 1 | R163: 0 | S163: 0 | T163: 0 | U163: 0 | V163: 0 | W163: 0 | X163: 0 | Y163: 0 | Z163: 0 | AA163: 0 | AB163: 0 | AC163: 0 | AD163: 0 | AE163: 0 | AF163: 1 | AG163: 0 | AH163: 0 | AI163: 0 | AJ163: 0 | AK163: 0 | AL163: 0 | AM163: 0 | AN163: 0 | AO163: 0 | AP163: 0 | AQ163: 0 | AR163: 0 | AS163: 0 | AT163: 0 | AU163: 0 | AV163: 0 | AY163: NA | AZ163: NA | BB163: 08 | BE163: NA | BO163: =IF(F163="","",_xlfn.CONCAT(K163&N163,IF(L163>M163,_xlfn.TEXTJOIN(,TRUE,O163:AV163),_xlfn.TEXTJOIN(,TRUE,AF163:AV163,O163:AE163)))) | BP163: =_xlfn.CONCAT(B163,N163,IF(L163>M163,_xlfn.TEXTJOIN(,TRUE,O163:AV163),_xlfn.TEXTJOIN(,TRUE,AF163:AV163,O163:AE163))) -> USCAR451,451010000000000000010000000000000000 | BQ163: =_xlfn.XLOOKUP(BO163,[1]Planilha1!$BU:$BU,[1]Planilha1!$BU:$BU,"",0,1)
A164: GEM | B164: USCAR45 | G164: =IF(F164="","",C164&"-"&F164) | L164: 1 | M164: 0.5 | N164: 1.5 | O164: 0 | P164: 2 | Q164: 0 | R164: 0 | S164: 0 | T164: 0 | U164: 0 | V164: 0 | W164: 0 | X164: 0 | Y164: 0 | Z164: 0 | AA164: 0 | AB164: 0 | AC164: 0 | AD164: 0 | AE164: 0 | AF164: 0 | AG164: 1 | AH164: 0 | AI164: 0 | AJ164: 0 | AK164: 0 | AL164: 0 | AM164: 0 | AN164: 0 | AO164: 0 | AP164: 0 | AQ164: 0 | AR164: 0 | AS164: 0 | AT164: 0 | AU164: 0 | AV164: 0 | AY164: NA | AZ164: NA | BB164: 09FF/0352BBT | BC164: 45764 | BD164: Rogério Santos | BE164: NA | BO164: =IF(F164="","",_xlfn.CONCAT(K164&N164,IF(L164>M164,_xlfn.TEXTJOIN(,TRUE,O164:AV164),_xlfn.TEXTJOIN(,TRUE,AF164:AV164,O164:AE164)))) | BP164: =_xlfn.CONCAT(B164,N164,IF(L164>M164,_xlfn.TEXTJOIN(,TRUE,O164:AV164),_xlfn.TEXTJOIN(,TRUE,AF164:AV164,O164:AE164))) -> USCAR451,50200000000000000001000000000000000 | BQ164: =_xlfn.XLOOKUP(BO164,[1]Planilha1!$BU:$BU,[1]Planilha1!$BU:$BU,"",0,1)
A165: GEM | B165: USCAR45 | G165: =IF(F165="","",C165&"-"&F165) | L165: 1.05 | M165: 1.4 | N165: 2.45 | O165: 3 | P165: 0 | Q165: 0 | R165: 0 | S165: 0 | T165: 0 | U165: 0 | V165: 0 | W165: 0 | X165: 0 | Y165: 0 | Z165: 0 | AA165: 0 | AB165: 0 | AC165: 0 | AD165: 0 | AE165: 0 | AF165: 4 | AG165: 0 | AH165: 0 | AI165: 0 | AJ165: 0 | AK165: 0 | AL165: 0 | AM165: 0 | AN165: 0 | AO165: 0 | AP165: 0 | AQ165: 0 | AR165: 0 | AS165: 0 | AT165: 0 | AU165: 0 | AV165: 0 | AY165: NA | AZ165: NA | BB165: 10FF/0353BBT | BC165: 45764 | BD165: Rogério Santos | BE165: NA | BO165: =IF(F165="","",_xlfn.CONCAT(K165&N165,IF(L165>M165,_xlfn.TEXTJOIN(,TRUE,O165:AV165),_xlfn.TEXTJOIN(,TRUE,AF165:AV165,O165:AE165)))) | BP165: =_xlfn.CONCAT(B165,N165,IF(L165>M165,_xlfn.TEXTJOIN(,TRUE,O165:AV165),_xlfn.TEXTJOIN(,TRUE,AF165:AV165,O165:AE165))) -> USCAR452,454000000000000000030000000000000000 | BQ165: =_xlfn.XLOOKUP(BO165,[1]Planilha1!$BU:$BU,[1]Planilha1!$BU:$BU,"",0,1)
A166: GEM | B166: USCAR45 | G166: =IF(F166="","",C166&"-"&F166) | L166: 0.5 | M166: 1.75 | N166: 2.25 | O166: 0 | P166: 1 | Q166: 0 | R166: 0 | S166: 0 | T166: 0 | U166: 0 | V166: 0 | W166: 0 | X166: 0 | Y166: 0 | Z166: 0 | AA166: 0 | AB166: 0 | AC166: 0 | AD166: 0 | AE166: 0 | AF166: 5 | AG166: 0 | AH166: 0 | AI166: 0 | AJ166: 0 | AK166: 0 | AL166: 0 | AM166: 0 | AN166: 0 | AO166: 0 | AP166: 0 | AQ166: 0 | AR166: 0 | AS166: 0 | AT166: 0 | AU166: 0 | AV166: 0 | AY166: NA | AZ166: NA | BB166: 11 | BE166: NA | BO166: =IF(F166="","",_xlfn.CONCAT(K166&N166,IF(L166>M166,_xlfn.TEXTJOIN(,TRUE,O166:AV166),_xlfn.TEXTJOIN(,TRUE,AF166:AV166,O166:AE166)))) | BP166: =_xlfn.CONCAT(B166,N166,IF(L166>M166,_xlfn.TEXTJOIN(,TRUE,O166:AV166),_xlfn.TEXTJOIN(,TRUE,AF166:AV166,O166:AE166))) -> USCAR452,255000000000000000001000000000000000 | BQ166: =_xlfn.XLOOKUP(BO166,[1]Planilha1!$BU:$BU,[1]Planilha1!$BU:$BU,"",0,1)
A167: GEM | B167: USCAR45 | E167: SOLDA LINEAR | F167: SP5292_2_X1 | G167: =IF(F167="","",C167&"-"&F167) -> -SP5292_2_X1 | L167: 1.5 | M167: 0 | N167: 1.5 | O167: 0 | P167: 3 | Q167: 0 | R167: 0 | S167: 0 | T167: 0 | U167: 0 | V167: 0 | W167: 0 | X167: 0 | Y167: 0 | Z167: 0 | AA167: 0 | AB167: 0 | AC167: 0 | AD167: 0 | AE167: 0 | AF167: 0 | AG167: 0 | AH167: 0 | AI167: 0 | AJ167: 0 | AK167: 0 | AL167: 0 | AM167: 0 | AN167: 0 | AO167: 0 | AP167: 0 | AQ167: 0 | AR167: 0 | AS167: 0 | AT167: 0 | AU167: 0 | AV167: 0 | AY167: NA | AZ167: NA | BA167: 30 | BB167: 12BT/0192BBT | BC167: 45764 | BD167: Rogério Santos | BE167: NA | BO167: =IF(F167="","",_xlfn.CONCAT(K167&N167,IF(L167>M167,_xlfn.TEXTJOIN(,TRUE,O167:AV167),_xlfn.TEXTJOIN(,TRUE,AF167:AV167,O167:AE167)))) -> 1,50300000000000000000000000000000000 | BP167: =_xlfn.CONCAT(B167,N167,IF(L167>M167,_xlfn.TEXTJOIN(,TRUE,O167:AV167),_xlfn.TEXTJOIN(,TRUE,AF167:AV167,O167:AE167))) -> USCAR451,50300000000000000000000000000000000 | BQ167: =_xlfn.XLOOKUP(BO167,[1]Planilha1!$BU:$BU,[1]Planilha1!$BU:$BU,"",0,1)
A168: GEM | B168: USCAR45 | G168: =IF(F168="","",C168&"-"&F168) | L168: 0 | M168: 3 | N168: 3 | O168: 0 | P168: 0 | Q168: 0 | R168: 0 | S168: 0 | T168: 0 | U168: 0 | V168: 0 | W168: 0 | X168: 0 | Y168: 0 | Z168: 0 | AA168: 0 | AB168: 0 | AC168: 0 | AD168: 0 | AE168: 0 | AF168: 0 | AG168: 0 | AH168: 0 | AI168: 3 | AJ168: 0 | AK168: 0 | AL168: 0 | AM168: 0 | AN168: 0 | AO168: 0 | AP168: 0 | AQ168: 0 | AR168: 0 | AS168: 0 | AT168: 0 | AU168: 0 | AV168: 0 | AY168: NA | AZ168: NA | BB168: 13 | BE168: NA | BO168: =IF(F168="","",_xlfn.CONCAT(K168&N168,IF(L168>M168,_xlfn.TEXTJOIN(,TRUE,O168:AV168),_xlfn.TEXTJOIN(,TRUE,AF168:AV168,O168:AE168)))) | BP168: =_xlfn.CONCAT(B168,N168,IF(L168>M168,_xlfn.TEXTJOIN(,TRUE,O168:AV168),_xlfn.TEXTJOIN(,TRUE,AF168:AV168,O168:AE168))) -> USCAR4530003000000000000000000000000000000 | BQ168: =_xlfn.XLOOKUP(BO168,[1]Planilha1!$BU:$BU,[1]Planilha1!$BU:$BU,"",0,1)
A169: GEM | B169: USCAR45 | G169: =IF(F169="","",C169&"-"&F169) | L169: 0 | M169: 4 | N169: 4 | O169: 0 | P169: 0 | Q169: 0 | R169: 0 | S169: 0 | T169: 0 | U169: 0 | V169: 0 | W169: 0 | X169: 0 | Y169: 0 | Z169: 0 | AA169: 0 | AB169: 0 | AC169: 0 | AD169: 0 | AE169: 0 | AF169: 0 | AG169: 0 | AH169: 0 | AI169: 4 | AJ169: 0 | AK169: 0 | AL169: 0 | AM169: 0 | AN169: 0 | AO169: 0 | AP169: 0 | AQ169: 0 | AR169: 0 | AS169: 0 | AT169: 0 | AU169: 0 | AV169: 0 | AY169: NA | AZ169: NA | BB169: 14 | BE169: NA | BO169: =IF(F169="","",_xlfn.CONCAT(K169&N169,IF(L169>M169,_xlfn.TEXTJOIN(,TRUE,O169:AV169),_xlfn.TEXTJOIN(,TRUE,AF169:AV169,O169:AE169)))) | BP169: =_xlfn.CONCAT(B169,N169,IF(L169>M169,_xlfn.TEXTJOIN(,TRUE,O169:AV169),_xlfn.TEXTJOIN(,TRUE,AF169:AV169,O169:AE169))) -> USCAR4540004000000000000000000000000000000 | BQ169: =_xlfn.XLOOKUP(BO169,[1]Planilha1!$BU:$BU,[1]Planilha1!$BU:$BU,"",0,1)
A170: GEM | B170: USCAR45 | G170: =IF(F170="","",C170&"-"&F170) | L170: 1 | M170: 1 | N170: 2 | O170: 0 | P170: 2 | Q170: 0 | R170: 0 | S170: 0 | T170: 0 | U170: 0 | V170: 0 | W170: 0 | X170: 0 | Y170: 0 | Z170: 0 | AA170: 0 | AB170: 0 | AC170: 0 | AD170: 0 | AE170: 0 | AF170: 0 | AG170: 2 | AH170: 0 | AI170: 0 | AJ170: 0 | AK170: 0 | AL170: 0 | AM170: 0 | AN170: 0 | AO170: 0 | AP170: 0 | AQ170: 0 | AR170: 0 | AS170: 0 | AT170: 0 | AU170: 0 | AV170: 0 | AY170: NA | AZ170: NA | BB170: 15 | BE170: NA | BO170: =IF(F170="","",_xlfn.CONCAT(K170&N170,IF(L170>M170,_xlfn.TEXTJOIN(,TRUE,O170:AV170),_xlfn.TEXTJOIN(,TRUE,AF170:AV170,O170:AE170)))) | BP170: =_xlfn.CONCAT(B170,N170,IF(L170>M170,_xlfn.TEXTJOIN(,TRUE,O170:AV170),_xlfn.TEXTJOIN(,TRUE,AF170:AV170,O170:AE170))) -> USCAR4520200000000000000002000000000000000 | BQ170: =_xlfn.XLOOKUP(BO170,[1]Planilha1!$BU:$BU,[1]Planilha1!$BU:$BU,"",0,1)
A171: GEM | B171: USCAR45 | G171: =IF(F171="","",C171&"-"&F171) | L171: 1.4 | M171: 0.35 | N171: 1.75 | O171: 4 | P171: 0 | Q171: 0 | R171: 0 | S171: 0 | T171: 0 | U171: 0 | V171: 0 | W171: 0 | X171: 0 | Y171: 0 | Z171: 0 | AA171: 0 | AB171: 0 | AC171: 0 | AD171: 0 | AE171: 0 | AF171: 1 | AG171: 0 | AH171: 0 | AI171: 0 | AJ171: 0 | AK171: 0 | AL171: 0 | AM171: 0 | AN171: 0 | AO171: 0 | AP171: 0 | AQ171: 0 | AR171: 0 | AS171: 0 | AT171: 0 | AU171: 0 | AV171: 0 | AY171: NA | AZ171: NA | BB171: 16 | BE171: NA | BO171: =IF(F171="","",_xlfn.CONCAT(K171&N171,IF(L171>M171,_xlfn.TEXTJOIN(,TRUE,O171:AV171),_xlfn.TEXTJOIN(,TRUE,AF171:AV171,O171:AE171)))) | BP171: =_xlfn.CONCAT(B171,N171,IF(L171>M171,_xlfn.TEXTJOIN(,TRUE,O171:AV171),_xlfn.TEXTJOIN(,TRUE,AF171:AV171,O171:AE171))) -> USCAR451,754000000000000000010000000000000000 | BQ171: =_xlfn.XLOOKUP(BO171,[1]Planilha1!$BU:$BU,[1]Planilha1!$BU:$BU,"",0,1)
A172: GEM | B172: USCAR45 | G172: =IF(F172="","",C172&"-"&F172) | L172: 0.7 | M172: 2.55 | N172: 3.25 | O172: 2 | P172: 0 | Q172: 0 | R172: 0 | S172: 0 | T172: 0 | U172: 0 | V172: 0 | W172: 0 | X172: 0 | Y172: 0 | Z172: 0 | AA172: 0 | AB172: 0 | AC172: 0 | AD172: 0 | AE172: 0 | AF172: 3 | AG172: 1 | AH172: 0 | AI172: 1 | AJ172: 0 | AK172: 0 | AL172: 0 | AM172: 0 | AN172: 0 | AO172: 0 | AP172: 0 | AQ172: 0 | AR172: 0 | AS172: 0 | AT172: 0 | AU172: 0 | AV172: 0 | AY172: NA | AZ172: NA | BA172: 30 | BB172: 17FF/0344BBT | BC172: 45764 | BD172: Rogério Santos | BE172: NA | BO172: =IF(F172="","",_xlfn.CONCAT(K172&N172,IF(L172>M172,_xlfn.TEXTJOIN(,TRUE,O172:AV172),_xlfn.TEXTJOIN(,TRUE,AF172:AV172,O172:AE172)))) | BP172: =_xlfn.CONCAT(B172,N172,IF(L172>M172,_xlfn.TEXTJOIN(,TRUE,O172:AV172),_xlfn.TEXTJOIN(,TRUE,AF172:AV172,O172:AE172))) -> USCAR453,253101000000000000020000000000000000 | BQ172: =_xlfn.XLOOKUP(BO172,[1]Planilha1!$BU:$BU,[1]Planilha1!$BU:$BU,"",0,1)
A173: GEM | B173: USCAR45 | G173: =IF(F173="","",C173&"-"&F173) | L173: 0.35 | M173: 2.55 | N173: 2.9 | O173: 1 | P173: 0 | Q173: 0 | R173: 0 | S173: 0 | T173: 0 | U173: 0 | V173: 0 | W173: 0 | X173: 0 | Y173: 0 | Z173: 0 | AA173: 0 | AB173: 0 | AC173: 0 | AD173: 0 | AE173: 0 | AF173: 3 | AG173: 1 | AH173: 0 | AI173: 1 | AJ173: 0 | AK173: 0 | AL173: 0 | AM173: 0 | AN173: 0 | AO173: 0 | AP173: 0 | AQ173: 0 | AR173: 0 | AS173: 0 | AT173: 0 | AU173: 0 | AV173: 0 | AY173: NA | AZ173: NA | BB173: USCAR45-18/0295BBT | BC173: 45724 | BD173: Rogèrio Santos | BE173: NA | BO173: =IF(F173="","",_xlfn.CONCAT(K173&N173,IF(L173>M173,_xlfn.TEXTJOIN(,TRUE,O173:AV173),_xlfn.TEXTJOIN(,TRUE,AF173:AV173,O173:AE173)))) | BP173: =_xlfn.CONCAT(B173,N173,IF(L173>M173,_xlfn.TEXTJOIN(,TRUE,O173:AV173),_xlfn.TEXTJOIN(,TRUE,AF173:AV173,O173:AE173))) -> USCAR452,93101000000000000010000000000000000 | BQ173: =_xlfn.XLOOKUP(BO173,[1]Planilha1!$BU:$BU,[1]Planilha1!$BU:$BU,"",0,1)
A174: GEM | B174: USCAR45 | G174: =IF(F174="","",C174&"-"&F174) | L174: 0.7 | M174: 2.9 | N174: 3.6 | O174: 2 | P174: 0 | Q174: 0 | R174: 0 | S174: 0 | T174: 0 | U174: 0 | V174: 0 | W174: 0 | X174: 0 | Y174: 0 | Z174: 0 | AA174: 0 | AB174: 0 | AC174: 0 | AD174: 0 | AE174: 0 | AF174: 4 | AG174: 1 | AH174: 0 | AI174: 1 | AJ174: 0 | AK174: 0 | AL174: 0 | AM174: 0 | AN174: 0 | AO174: 0 | AP174: 0 | AQ174: 0 | AR174: 0 | AS174: 0 | AT174: 0 | AU174: 0 | AV174: 0 | AY174: NA | AZ174: NA | BB174: 19 | BE174: NA | BO174: =IF(F174="","",_xlfn.CONCAT(K174&N174,IF(L174>M174,_xlfn.TEXTJOIN(,TRUE,O174:AV174),_xlfn.TEXTJOIN(,TRUE,AF174:AV174,O174:AE174)))) | BP174: =_xlfn.CONCAT(B174,N174,IF(L174>M174,_xlfn.TEXTJOIN(,TRUE,O174:AV174),_xlfn.TEXTJOIN(,TRUE,AF174:AV174,O174:AE174))) -> USCAR453,64101000000000000020000000000000000 | BQ174: =_xlfn.XLOOKUP(BO174,[1]Planilha1!$BU:$BU,[1]Planilha1!$BU:$BU,"",0,1)
A175: GEM | B175: USCAR45 | G175: =IF(F175="","",C175&"-"&F175) | L175: 4 | M175: 1 | N175: 5 | O175: 0 | P175: 0 | Q175: 0 | R175: 1 | S175: 0 | T175: 0 | U175: 0 | V175: 1 | W175: 0 | X175: 0 | Y175: 0 | Z175: 0 | AA175: 0 | AB175: 0 | AC175: 0 | AD175: 0 | AE175: 0 | AF175: 0 | AG175: 2 | AH175: 0 | AI175: 0 | AJ175: 0 | AK175: 0 | AL175: 0 | AM175: 0 | AN175: 0 | AO175: 0 | AP175: 0 | AQ175: 0 | AR175: 0 | AS175: 0 | AT175: 0 | AU175: 0 | AV175: 0 | AY175: NA | AZ175: NA | BB175: 20 | BE175: NA | BO175: =IF(F175="","",_xlfn.CONCAT(K175&N175,IF(L175>M175,_xlfn.TEXTJOIN(,TRUE,O175:AV175),_xlfn.TEXTJOIN(,TRUE,AF175:AV175,O175:AE175)))) | BP175: =_xlfn.CONCAT(B175,N175,IF(L175>M175,_xlfn.TEXTJOIN(,TRUE,O175:AV175),_xlfn.TEXTJOIN(,TRUE,AF175:AV175,O175:AE175))) -> USCAR4550001000100000000002000000000000000 | BQ175: =_xlfn.XLOOKUP(BO175,[1]Planilha1!$BU:$BU,[1]Planilha1!$BU:$BU,"",0,1)
A176: GEM | B176: USCAR45 | G176: =IF(F176="","",C176&"-"&F176) | L176: 5 | M176: 1 | N176: 6 | O176: 0 | P176: 0 | Q176: 0 | R176: 2 | S176: 0 | T176: 0 | U176: 0 | V176: 1 | W176: 0 | X176: 0 | Y176: 0 | Z176: 0 | AA176: 0 | AB176: 0 | AC176: 0 | AD176: 0 | AE176: 0 | AF176: 0 | AG176: 2 | AH176: 0 | AI176: 0 | AJ176: 0 | AK176: 0 | AL176: 0 | AM176: 0 | AN176: 0 | AO176: 0 | AP176: 0 | AQ176: 0 | AR176: 0 | AS176: 0 | AT176: 0 | AU176: 0 | AV176: 0 | AY176: NA | AZ176: NA | BB176: 21 | BE176: NA | BO176: =IF(F176="","",_xlfn.CONCAT(K176&N176,IF(L176>M176,_xlfn.TEXTJOIN(,TRUE,O176:AV176),_xlfn.TEXTJOIN(,TRUE,AF176:AV176,O176:AE176)))) | BP176: =_xlfn.CONCAT(B176,N176,IF(L176>M176,_xlfn.TEXTJOIN(,TRUE,O176:AV176),_xlfn.TEXTJOIN(,TRUE,AF176:AV176,O176:AE176))) -> USCAR4560002000100000000002000000000000000 | BQ176: =_xlfn.XLOOKUP(BO176,[1]Planilha1!$BU:$BU,[1]Planilha1!$BU:$BU,"",0,1)
A177: GEM | B177: USCAR45 | G177: =IF(F177="","",C177&"-"&F177) | L177: 3 | M177: 1 | N177: 4 | O177: 0 | P177: 0 | Q177: 0 | R177: 0 | S177: 0 | T177: 0 | U177: 0 | V177: 1 | W177: 0 | X177: 0 | Y177: 0 | Z177: 0 | AA177: 0 | AB177: 0 | AC177: 0 | AD177: 0 | AE177: 0 | AF177: 0 | AG177: 2 | AH177: 0 | AI177: 0 | AJ177: 0 | AK177: 0 | AL177: 0 | AM177: 0 | AN177: 0 | AO177: 0 | AP177: 0 | AQ177: 0 | AR177: 0 | AS177: 0 | AT177: 0 | AU177: 0 | AV177: 0 | AY177: NA | AZ177: NA | BB177: 22 | BE177: NA | BO177: =IF(F177="","",_xlfn.CONCAT(K177&N177,IF(L177>M177,_xlfn.TEXTJOIN(,TRUE,O177:AV177),_xlfn.TEXTJOIN(,TRUE,AF177:AV177,O177:AE177)))) | BP177: =_xlfn.CONCAT(B177,N177,IF(L177>M177,_xlfn.TEXTJOIN(,TRUE,O177:AV177),_xlfn.TEXTJOIN(,TRUE,AF177:AV177,O177:AE177))) -> USCAR4540000000100000000002000000000000000 | BQ177: =_xlfn.XLOOKUP(BO177,[1]Planilha1!$BU:$BU,[1]Planilha1!$BU:$BU,"",0,1)
A178: GEM | B178: USCAR45 | G178: =IF(F178="","",C178&"-"&F178) | L178: 4.5 | M178: 1 | N178: 5.5 | O178: 0 | P178: 1 | Q178: 0 | R178: 1 | S178: 0 | T178: 0 | U178: 0 | V178: 1 | W178: 0 | X178: 0 | Y178: 0 | Z178: 0 | AA178: 0 | AB178: 0 | AC178: 0 | AD178: 0 | AE178: 0 | AF178: 0 | AG178: 2 | AH178: 0 | AI178: 0 | AJ178: 0 | AK178: 0 | AL178: 0 | AM178: 0 | AN178: 0 | AO178: 0 | AP178: 0 | AQ178: 0 | AR178: 0 | AS178: 0 | AT178: 0 | AU178: 0 | AV178: 0 | AY178: NA | AZ178: NA | BB178: 23 | BE178: NA | BO178: =IF(F178="","",_xlfn.CONCAT(K178&N178,IF(L178>M178,_xlfn.TEXTJOIN(,TRUE,O178:AV178),_xlfn.TEXTJOIN(,TRUE,AF178:AV178,O178:AE178)))) | BP178: =_xlfn.CONCAT(B178,N178,IF(L178>M178,_xlfn.TEXTJOIN(,TRUE,O178:AV178),_xlfn.TEXTJOIN(,TRUE,AF178:AV178,O178:AE178))) -> USCAR455,50101000100000000002000000000000000 | BQ178: =_xlfn.XLOOKUP(BO178,[1]Planilha1!$BU:$BU,[1]Planilha1!$BU:$BU,"",0,1)
A179: GEM | B179: USCAR45 | G179: =IF(F179="","",C179&"-"&F179) | L179: 2 | M179: 3 | N179: 5 | O179: 0 | P179: 0 | Q179: 0 | R179: 0 | S179: 0 | T179: 1 | U179: 0 | V179: 0 | W179: 0 | X179: 0 | Y179: 0 | Z179: 0 | AA179: 0 | AB179: 0 | AC179: 0 | AD179: 0 | AE179: 0 | AF179: 0 | AG179: 0 | AH179: 0 | AI179: 1 | AJ179: 0 | AK179: 1 | AL179: 0 | AM179: 0 | AN179: 0 | AO179: 0 | AP179: 0 | AQ179: 0 | AR179: 0 | AS179: 0 | AT179: 0 | AU179: 0 | AV179: 0 | AY179: NA | AZ179: NA | BB179: 24 | BE179: NA | BO179: =IF(F179="","",_xlfn.CONCAT(K179&N179,IF(L179>M179,_xlfn.TEXTJOIN(,TRUE,O179:AV179),_xlfn.TEXTJOIN(,TRUE,AF179:AV179,O179:AE179)))) | BP179: =_xlfn.CONCAT(B179,N179,IF(L179>M179,_xlfn.TEXTJOIN(,TRUE,O179:AV179),_xlfn.TEXTJOIN(,TRUE,AF179:AV179,O179:AE179))) -> USCAR4550001010000000000000000100000000000 | BQ179: =_xlfn.XLOOKUP(BO179,[1]Planilha1!$BU:$BU,[1]Planilha1!$BU:$BU,"",0,1)
A180: GEM | B180: USCAR45 | G180: =IF(F180="","",C180&"-"&F180) | L180: 1.45 | M180: 0 | N180: 1.45 | O180: 2 | P180: 0 | Q180: 1 | R180: 0 | S180: 0 | T180: 0 | U180: 0 | V180: 0 | W180: 0 | X180: 0 | Y180: 0 | Z180: 0 | AA180: 0 | AB180: 0 | AC180: 0 | AD180: 0 | AE180: 0 | AF180: 0 | AG180: 0 | AH180: 0 | AI180: 0 | AJ180: 0 | AK180: 0 | AL180: 0 | AM180: 0 | AN180: 0 | AO180: 0 | AP180: 0 | AQ180: 0 | AR180: 0 | AS180: 0 | AT180: 0 | AU180: 0 | AV180: 0 | AY180: NA | AZ180: NA | BB180: 25 | BE180: NA | BO180: =IF(F180="","",_xlfn.CONCAT(K180&N180,IF(L180>M180,_xlfn.TEXTJOIN(,TRUE,O180:AV180),_xlfn.TEXTJOIN(,TRUE,AF180:AV180,O180:AE180)))) | BP180: =_xlfn.CONCAT(B180,N180,IF(L180>M180,_xlfn.TEXTJOIN(,TRUE,O180:AV180),_xlfn.TEXTJOIN(,TRUE,AF180:AV180,O180:AE180))) -> USCAR451,452010000000000000000000000000000000 | BQ180: =_xlfn.XLOOKUP(BO180,[1]Planilha1!$BU:$BU,[1]Planilha1!$BU:$BU,"",0,1)
A181: GEM | B181: USCAR45 | G181: =IF(F181="","",C181&"-"&F181) | L181: 2.3 | M181: 0.35 | N181: 2.65 | O181: 3 | P181: 1 | Q181: 1 | R181: 0 | S181: 0 | T181: 0 | U181: 0 | V181: 0 | W181: 0 | X181: 0 | Y181: 0 | Z181: 0 | AA181: 0 | AB181: 0 | AC181: 0 | AD181: 0 | AE181: 0 | AF181: 1 | AG181: 0 | AH181: 0 | AI181: 0 | AJ181: 0 | AK181: 0 | AL181: 0 | AM181: 0 | AN181: 0 | AO181: 0 | AP181: 0 | AQ181: 0 | AR181: 0 | AS181: 0 | AT181: 0 | AU181: 0 | AV181: 0 | AY181: NA | AZ181: NA | BB181: USCAR45-26/0299BBT | BC181: 45724 | BD181: Rogèrio Santos | BE181: NA | BO181: =IF(F181="","",_xlfn.CONCAT(K181&N181,IF(L181>M181,_xlfn.TEXTJOIN(,TRUE,O181:AV181),_xlfn.TEXTJOIN(,TRUE,AF181:AV181,O181:AE181)))) | BP181: =_xlfn.CONCAT(B181,N181,IF(L181>M181,_xlfn.TEXTJOIN(,TRUE,O181:AV181),_xlfn.TEXTJOIN(,TRUE,AF181:AV181,O181:AE181))) -> USCAR452,653110000000000000010000000000000000 | BQ181: =_xlfn.XLOOKUP(BO181,[1]Planilha1!$BU:$BU,[1]Planilha1!$BU:$BU,"",0,1)
A182: GEM | B182: USCAR45 | G182: =IF(F182="","",C182&"-"&F182) | L182: 3 | M182: 0.35 | N182: 3.35 | O182: 5 | P182: 1 | Q182: 1 | R182: 0 | S182: 0 | T182: 0 | U182: 0 | V182: 0 | W182: 0 | X182: 0 | Y182: 0 | Z182: 0 | AA182: 0 | AB182: 0 | AC182: 0 | AD182: 0 | AE182: 0 | AF182: 1 | AG182: 0 | AH182: 0 | AI182: 0 | AJ182: 0 | AK182: 0 | AL182: 0 | AM182: 0 | AN182: 0 | AO182: 0 | AP182: 0 | AQ182: 0 | AR182: 0 | AS182: 0 | AT182: 0 | AU182: 0 | AV182: 0 | AY182: NA | AZ182: NA | BB182: 27 | BE182: NA | BO182: =IF(F182="","",_xlfn.CONCAT(K182&N182,IF(L182>M182,_xlfn.TEXTJOIN(,TRUE,O182:AV182),_xlfn.TEXTJOIN(,TRUE,AF182:AV182,O182:AE182)))) | BP182: =_xlfn.CONCAT(B182,N182,IF(L182>M182,_xlfn.TEXTJOIN(,TRUE,O182:AV182),_xlfn.TEXTJOIN(,TRUE,AF182:AV182,O182:AE182))) -> USCAR453,355110000000000000010000000000000000 | BQ182: =_xlfn.XLOOKUP(BO182,[1]Planilha1!$BU:$BU,[1]Planilha1!$BU:$BU,"",0,1)
A183: GEM | B183: USCAR45 | G183: =IF(F183="","",C183&"-"&F183) | L183: 1.6 | M183: 0.35 | N183: 1.95 | O183: 1 | P183: 1 | Q183: 1 | R183: 0 | S183: 0 | T183: 0 | U183: 0 | V183: 0 | W183: 0 | X183: 0 | Y183: 0 | Z183: 0 | AA183: 0 | AB183: 0 | AC183: 0 | AD183: 0 | AE183: 0 | AF183: 1 | AG183: 0 | AH183: 0 | AI183: 0 | AJ183: 0 | AK183: 0 | AL183: 0 | AM183: 0 | AN183: 0 | AO183: 0 | AP183: 0 | AQ183: 0 | AR183: 0 | AS183: 0 | AT183: 0 | AU183: 0 | AV183: 0 | AY183: NA | AZ183: NA | BB183: USCAR45-28/0218BBT | BC183: 45724 | BD183: Rogèrio Santos | BE183: NA | BO183: =IF(F183="","",_xlfn.CONCAT(K183&N183,IF(L183>M183,_xlfn.TEXTJOIN(,TRUE,O183:AV183),_xlfn.TEXTJOIN(,TRUE,AF183:AV183,O183:AE183)))) | BP183: =_xlfn.CONCAT(B183,N183,IF(L183>M183,_xlfn.TEXTJOIN(,TRUE,O183:AV183),_xlfn.TEXTJOIN(,TRUE,AF183:AV183,O183:AE183))) -> USCAR451,951110000000000000010000000000000000 | BQ183: =_xlfn.XLOOKUP(BO183,[1]Planilha1!$BU:$BU,[1]Planilha1!$BU:$BU,"",0,1)
A184: GEM | B184: USCAR45 | G184: =IF(F184="","",C184&"-"&F184) | L184: 1.95 | M184: 0.35 | N184: 2.3 | O184: 2 | P184: 1 | Q184: 1 | R184: 0 | S184: 0 | T184: 0 | U184: 0 | V184: 0 | W184: 0 | X184: 0 | Y184: 0 | Z184: 0 | AA184: 0 | AB184: 0 | AC184: 0 | AD184: 0 | AE184: 0 | AF184: 1 | AG184: 0 | AH184: 0 | AI184: 0 | AJ184: 0 | AK184: 0 | AL184: 0 | AM184: 0 | AN184: 0 | AO184: 0 | AP184: 0 | AQ184: 0 | AR184: 0 | AS184: 0 | AT184: 0 | AU184: 0 | AV184: 0 | AY184: NA | AZ184: NA | BB184: 0293BBT/USCAR45-29 | BC184: 45724 | BD184: Rogèrio Santos | BE184: NA | BO184: =IF(F184="","",_xlfn.CONCAT(K184&N184,IF(L184>M184,_xlfn.TEXTJOIN(,TRUE,O184:AV184),_xlfn.TEXTJOIN(,TRUE,AF184:AV184,O184:AE184)))) | BP184: =_xlfn.CONCAT(B184,N184,IF(L184>M184,_xlfn.TEXTJOIN(,TRUE,O184:AV184),_xlfn.TEXTJOIN(,TRUE,AF184:AV184,O184:AE184))) -> USCAR452,32110000000000000010000000000000000 | BQ184: =_xlfn.XLOOKUP(BO184,[1]Planilha1!$BU:$BU,[1]Planilha1!$BU:$BU,"",0,1)
A185: GEM | B185: USCAR45 | G185: =IF(F185="","",C185&"-"&F185) | L185: 2.65 | M185: 0.35 | N185: 3 | O185: 4 | P185: 1 | Q185: 1 | R185: 0 | S185: 0 | T185: 0 | U185: 0 | V185: 0 | W185: 0 | X185: 0 | Y185: 0 | Z185: 0 | AA185: 0 | AB185: 0 | AC185: 0 | AD185: 0 | AE185: 0 | AF185: 1 | AG185: 0 | AH185: 0 | AI185: 0 | AJ185: 0 | AK185: 0 | AL185: 0 | AM185: 0 | AN185: 0 | AO185: 0 | AP185: 0 | AQ185: 0 | AR185: 0 | AS185: 0 | AT185: 0 | AU185: 0 | AV185: 0 | AY185: NA | AZ185: NA | BB185: 30 | BE185: NA | BO185: =IF(F185="","",_xlfn.CONCAT(K185&N185,IF(L185>M185,_xlfn.TEXTJOIN(,TRUE,O185:AV185),_xlfn.TEXTJOIN(,TRUE,AF185:AV185,O185:AE185)))) | BP185: =_xlfn.CONCAT(B185,N185,IF(L185>M185,_xlfn.TEXTJOIN(,TRUE,O185:AV185),_xlfn.TEXTJOIN(,TRUE,AF185:AV185,O185:AE185))) -> USCAR4534110000000000000010000000000000000 | BQ185: =_xlfn.XLOOKUP(BO185,[1]Planilha1!$BU:$BU,[1]Planilha1!$BU:$BU,"",0,1)
A186: GEM | B186: USCAR45 | G186: =IF(F186="","",C186&"-"&F186) | L186: 1.1 | M186: 0 | N186: 1.1 | O186: 1 | P186: 0 | Q186: 1 | R186: 0 | S186: 0 | T186: 0 | U186: 0 | V186: 0 | W186: 0 | X186: 0 | Y186: 0 | Z186: 0 | AA186: 0 | AB186: 0 | AC186: 0 | AD186: 0 | AE186: 0 | AF186: 0 | AG186: 0 | AH186: 0 | AI186: 0 | AJ186: 0 | AK186: 0 | AL186: 0 | AM186: 0 | AN186: 0 | AO186: 0 | AP186: 0 | AQ186: 0 | AR186: 0 | AS186: 0 | AT186: 0 | AU186: 0 | AV186: 0 | AY186: NA | AZ186: NA | BB186: 31 | BE186: NA | BO186: =IF(F186="","",_xlfn.CONCAT(K186&N186,IF(L186>M186,_xlfn.TEXTJOIN(,TRUE,O186:AV186),_xlfn.TEXTJOIN(,TRUE,AF186:AV186,O186:AE186)))) | BP186: =_xlfn.CONCAT(B186,N186,IF(L186>M186,_xlfn.TEXTJOIN(,TRUE,O186:AV186),_xlfn.TEXTJOIN(,TRUE,AF186:AV186,O186:AE186))) -> USCAR451,11010000000000000000000000000000000 | BQ186: =_xlfn.XLOOKUP(BO186,[1]Planilha1!$BU:$BU,[1]Planilha1!$BU:$BU,"",0,1)
A187: GEM | B187: USCAR45 | G187: =IF(F187="","",C187&"-"&F187) | L187: 1 | M187: 1.75 | N187: 2.75 | O187: 0 | P187: 0 | Q187: 0 | R187: 1 | S187: 0 | T187: 0 | U187: 0 | V187: 0 | W187: 0 | X187: 0 | Y187: 0 | Z187: 0 | AA187: 0 | AB187: 0 | AC187: 0 | AD187: 0 | AE187: 0 | AF187: 0 | AG187: 0 | AH187: 1 | AI187: 1 | AJ187: 0 | AK187: 0 | AL187: 0 | AM187: 0 | AN187: 0 | AO187: 0 | AP187: 0 | AQ187: 0 | AR187: 0 | AS187: 0 | AT187: 0 | AU187: 0 | AV187: 0 | AY187: NA | AZ187: NA | BB187: 32 | BE187: NA | BO187: =IF(F187="","",_xlfn.CONCAT(K187&N187,IF(L187>M187,_xlfn.TEXTJOIN(,TRUE,O187:AV187),_xlfn.TEXTJOIN(,TRUE,AF187:AV187,O187:AE187)))) | BP187: =_xlfn.CONCAT(B187,N187,IF(L187>M187,_xlfn.TEXTJOIN(,TRUE,O187:AV187),_xlfn.TEXTJOIN(,TRUE,AF187:AV187,O187:AE187))) -> USCAR452,750011000000000000000010000000000000 | BQ187: =_xlfn.XLOOKUP(BO187,[1]Planilha1!$BU:$BU,[1]Planilha1!$BU:$BU,"",0,1)
A188: GEM | B188: USCAR45 | G188: =IF(F188="","",C188&"-"&F188) | L188: 0 | M188: 5.35 | N188: 5.35 | O188: 0 | P188: 0 | Q188: 0 | R188: 0 | S188: 0 | T188: 0 | U188: 0 | V188: 0 | W188: 0 | X188: 0 | Y188: 0 | Z188: 0 | AA188: 0 | AB188: 0 | AC188: 0 | AD188: 0 | AE188: 0 | AF188: 1 | AG188: 0 | AH188: 0 | AI188: 0 | AJ188: 0 | AK188: 0 | AL188: 2 | AM188: 0 | AN188: 0 | AO188: 0 | AP188: 0 | AQ188: 0 | AR188: 0 | AS188: 0 | AT188: 0 | AU188: 0 | AV188: 0 | AY188: NA | AZ188: NA | BB188: 33 | BE188: NA | BO188: =IF(F188="","",_xlfn.CONCAT(K188&N188,IF(L188>M188,_xlfn.TEXTJOIN(,TRUE,O188:AV188),_xlfn.TEXTJOIN(,TRUE,AF188:AV188,O188:AE188)))) | BP188: =_xlfn.CONCAT(B188,N188,IF(L188>M188,_xlfn.TEXTJOIN(,TRUE,O188:AV188),_xlfn.TEXTJOIN(,TRUE,AF188:AV188,O188:AE188))) -> USCAR455,351000002000000000000000000000000000 | BQ188: =_xlfn.XLOOKUP(BO188,[1]Planilha1!$BU:$BU,[1]Planilha1!$BU:$BU,"",0,1)
A189: GEM | B189: USCAR45 | G189: =IF(F189="","",C189&"-"&F189) | L189: 0.35 | M189: 2.5 | N189: 2.85 | O189: 1 | P189: 0 | Q189: 0 | R189: 0 | S189: 0 | T189: 0 | U189: 0 | V189: 0 | W189: 0 | X189: 0 | Y189: 0 | Z189: 0 | AA189: 0 | AB189: 0 | AC189: 0 | AD189: 0 | AE189: 0 | AF189: 0 | AG189: 0 | AH189: 0 | AI189: 0 | AJ189: 0 | AK189: 0 | AL189: 1 | AM189: 0 | AN189: 0 | AO189: 0 | AP189: 0 | AQ189: 0 | AR189: 0 | AS189: 0 | AT189: 0 | AU189: 0 | AV189: 0 | AY189: NA | AZ189: NA | BB189: 34 | BE189: NA | BO189: =IF(F189="","",_xlfn.CONCAT(K189&N189,IF(L189>M189,_xlfn.TEXTJOIN(,TRUE,O189:AV189),_xlfn.TEXTJOIN(,TRUE,AF189:AV189,O189:AE189)))) | BP189: =_xlfn.CONCAT(B189,N189,IF(L189>M189,_xlfn.TEXTJOIN(,TRUE,O189:AV189),_xlfn.TEXTJOIN(,TRUE,AF189:AV189,O189:AE189))) -> USCAR452,850000001000000000010000000000000000 | BQ189: =_xlfn.XLOOKUP(BO189,[1]Planilha1!$BU:$BU,[1]Planilha1!$BU:$BU,"",0,1)
A190: GEM | B190: USCAR45 | G190: =IF(F190="","",C190&"-"&F190) | L190: 2.85 | M190: 2.85 | N190: 5.7 | O190: 1 | P190: 0 | Q190: 0 | R190: 0 | S190: 0 | T190: 0 | U190: 1 | V190: 0 | W190: 0 | X190: 0 | Y190: 0 | Z190: 0 | AA190: 0 | AB190: 0 | AC190: 0 | AD190: 0 | AE190: 0 | AF190: 1 | AG190: 0 | AH190: 0 | AI190: 0 | AJ190: 0 | AK190: 0 | AL190: 1 | AM190: 0 | AN190: 0 | AO190: 0 | AP190: 0 | AQ190: 0 | AR190: 0 | AS190: 0 | AT190: 0 | AU190: 0 | AV190: 0 | AY190: NA | AZ190: NA | BB190: 35 | BE190: NA | BO190: =IF(F190="","",_xlfn.CONCAT(K190&N190,IF(L190>M190,_xlfn.TEXTJOIN(,TRUE,O190:AV190),_xlfn.TEXTJOIN(,TRUE,AF190:AV190,O190:AE190)))) | BP190: =_xlfn.CONCAT(B190,N190,IF(L190>M190,_xlfn.TEXTJOIN(,TRUE,O190:AV190),_xlfn.TEXTJOIN(,TRUE,AF190:AV190,O190:AE190))) -> USCAR455,71000001000000000010000010000000000 | BQ190: =_xlfn.XLOOKUP(BO190,[1]Planilha1!$BU:$BU,[1]Planilha1!$BU:$BU,"",0,1)
A191: GEM | B191: USCAR45 | E191: SOLDA TOPO | G191: =IF(F191="","",C191&"-"&F191) | L191: 15 | M191: 0 | N191: 15 | O191: 0 | P191: 0 | Q191: 0 | R191: 0 | S191: 0 | T191: 0 | U191: 6 | V191: 0 | W191: 0 | X191: 0 | Y191: 0 | Z191: 0 | AA191: 0 | AB191: 0 | AC191: 0 | AD191: 0 | AE191: 0 | AF191: 0 | AG191: 0 | AH191: 0 | AI191: 0 | AJ191: 0 | AK191: 0 | AL191: 0 | AM191: 0 | AN191: 0 | AO191: 0 | AP191: 0 | AQ191: 0 | AR191: 0 | AS191: 0 | AT191: 0 | AU191: 0 | AV191: 0 | AY191: NA | AZ191: NA | BB191: 046GEM | BC191: 43404 | BE191: NA | BO191: =IF(F191="","",_xlfn.CONCAT(K191&N191,IF(L191>M191,_xlfn.TEXTJOIN(,TRUE,O191:AV191),_xlfn.TEXTJOIN(,TRUE,AF191:AV191,O191:AE191)))) | BP191: =_xlfn.CONCAT(B191,N191,IF(L191>M191,_xlfn.TEXTJOIN(,TRUE,O191:AV191),_xlfn.TEXTJOIN(,TRUE,AF191:AV191,O191:AE191))) -> USCAR45150000006000000000000000000000000000 | BQ191: =_xlfn.XLOOKUP(BO191,[1]Planilha1!$BU:$BU,[1]Planilha1!$BU:$BU,"",0,1)
A192: GEM | B192: USCAR45 | G192: =IF(F192="","",C192&"-"&F192) | L192: 12.5 | M192: 0 | N192: 12.5 | O192: 0 | P192: 0 | Q192: 0 | R192: 0 | S192: 0 | T192: 0 | U192: 5 | V192: 0 | W192: 0 | X192: 0 | Y192: 0 | Z192: 0 | AA192: 0 | AB192: 0 | AC192: 0 | AD192: 0 | AE192: 0 | AF192: 0 | AG192: 0 | AH192: 0 | AI192: 0 | AJ192: 0 | AK192: 0 | AL192: 0 | AM192: 0 | AN192: 0 | AO192: 0 | AP192: 0 | AQ192: 0 | AR192: 0 | AS192: 0 | AT192: 0 | AU192: 0 | AV192: 0 | AY192: NA | AZ192: NA | BB192: 37 | BE192: NA | BO192: =IF(F192="","",_xlfn.CONCAT(K192&N192,IF(L192>M192,_xlfn.TEXTJOIN(,TRUE,O192:AV192),_xlfn.TEXTJOIN(,TRUE,AF192:AV192,O192:AE192)))) | BP192: =_xlfn.CONCAT(B192,N192,IF(L192>M192,_xlfn.TEXTJOIN(,TRUE,O192:AV192),_xlfn.TEXTJOIN(,TRUE,AF192:AV192,O192:AE192))) -> USCAR4512,50000005000000000000000000000000000 | BQ192: =_xlfn.XLOOKUP(BO192,[1]Planilha1!$BU:$BU,[1]Planilha1!$BU:$BU,"",0,1)
A193: GEM | B193: USCAR45 | E193: SOLDA TOPO | G193: =IF(F193="","",C193&"-"&F193) | L193: 17.5 | M193: 0 | N193: 17.5 | O193: 0 | P193: 0 | Q193: 0 | R193: 0 | S193: 0 | T193: 0 | U193: 7 | V193: 0 | W193: 0 | X193: 0 | Y193: 0 | Z193: 0 | AA193: 0 | AB193: 0 | AC193: 0 | AD193: 0 | AE193: 0 | AF193: 0 | AG193: 0 | AH193: 0 | AI193: 0 | AJ193: 0 | AK193: 0 | AL193: 0 | AM193: 0 | AN193: 0 | AO193: 0 | AP193: 0 | AQ193: 0 | AR193: 0 | AS193: 0 | AT193: 0 | AU193: 0 | AV193: 0 | AY193: NA | AZ193: NA | BB193: 38BT/0305BBT | BC193: 43404 | BE193: NA | BG193: NA | BH193: NA | BI193: NA | BJ193: NA | BK193: NA | BL193: NA | BM193: NA | BN193: ITEN | BO193: =IF(F193="","",_xlfn.CONCAT(K193&N193,IF(L193>M193,_xlfn.TEXTJOIN(,TRUE,O193:AV193),_xlfn.TEXTJOIN(,TRUE,AF193:AV193,O193:AE193)))) | BP193: =_xlfn.CONCAT(B193,N193,IF(L193>M193,_xlfn.TEXTJOIN(,TRUE,O193:AV193),_xlfn.TEXTJOIN(,TRUE,AF193:AV193,O193:AE193))) -> USCAR4517,50000007000000000000000000000000000 | BQ193: =_xlfn.XLOOKUP(BO193,[1]Planilha1!$BU:$BU,[1]Planilha1!$BU:$BU,"",0,1)
A194: GEM | B194: USCAR45 | G194: =IF(F194="","",C194&"-"&F194) | L194: 2.5 | M194: 5 | N194: 7.5 | O194: 0 | P194: 0 | Q194: 0 | R194: 0 | S194: 0 | T194: 0 | U194: 1 | V194: 0 | W194: 0 | X194: 0 | Y194: 0 | Z194: 0 | AA194: 0 | AB194: 0 | AC194: 0 | AD194: 0 | AE194: 0 | AF194: 0 | AG194: 0 | AH194: 0 | AI194: 0 | AJ194: 0 | AK194: 0 | AL194: 2 | AM194: 0 | AN194: 0 | AO194: 0 | AP194: 0 | AQ194: 0 | AR194: 0 | AS194: 0 | AT194: 0 | AU194: 0 | AV194: 0 | AY194: NA | AZ194: NA | BB194: 39 | BE194: NA | BO194: =IF(F194="","",_xlfn.CONCAT(K194&N194,IF(L194>M194,_xlfn.TEXTJOIN(,TRUE,O194:AV194),_xlfn.TEXTJOIN(,TRUE,AF194:AV194,O194:AE194)))) | BP194: =_xlfn.CONCAT(B194,N194,IF(L194>M194,_xlfn.TEXTJOIN(,TRUE,O194:AV194),_xlfn.TEXTJOIN(,TRUE,AF194:AV194,O194:AE194))) -> USCAR457,50000002000000000000000010000000000 | BQ194: =_xlfn.XLOOKUP(BO194,[1]Planilha1!$BU:$BU,[1]Planilha1!$BU:$BU,"",0,1)
A195: GEM | B195: USCAR45 | G195: =IF(F195="","",C195&"-"&F195) | L195: 0 | M195: 12 | N195: 12 | O195: 0 | P195: 0 | Q195: 0 | R195: 0 | S195: 0 | T195: 0 | U195: 0 | V195: 0 | W195: 0 | X195: 0 | Y195: 0 | Z195: 0 | AA195: 0 | AB195: 0 | AC195: 0 | AD195: 0 | AE195: 0 | AF195: 0 | AG195: 0 | AH195: 0 | AI195: 0 | AJ195: 0 | AK195: 0 | AL195: 0 | AM195: 4 | AN195: 0 | AO195: 0 | AP195: 0 | AQ195: 0 | AR195: 0 | AS195: 0 | AT195: 0 | AU195: 0 | AV195: 0 | AY195: NA | AZ195: NA | BB195: 40 | BE195: NA | BO195: =IF(F195="","",_xlfn.CONCAT(K195&N195,IF(L195>M195,_xlfn.TEXTJOIN(,TRUE,O195:AV195),_xlfn.TEXTJOIN(,TRUE,AF195:AV195,O195:AE195)))) | BP195: =_xlfn.CONCAT(B195,N195,IF(L195>M195,_xlfn.TEXTJOIN(,TRUE,O195:AV195),_xlfn.TEXTJOIN(,TRUE,AF195:AV195,O195:AE195))) -> USCAR45120000000400000000000000000000000000 | BQ195: =_xlfn.XLOOKUP(BO195,[1]Planilha1!$BU:$BU,[1]Planilha1!$BU:$BU,"",0,1)
A196: GEM | B196: USCAR45 | G196: =IF(F196="","",C196&"-"&F196) | L196: 0 | M196: 9 | N196: 9 | O196: 0 | P196: 0 | Q196: 0 | R196: 0 | S196: 0 | T196: 0 | U196: 0 | V196: 0 | W196: 0 | X196: 0 | Y196: 0 | Z196: 0 | AA196: 0 | AB196: 0 | AC196: 0 | AD196: 0 | AE196: 0 | AF196: 0 | AG196: 0 | AH196: 0 | AI196: 0 | AJ196: 0 | AK196: 0 | AL196: 0 | AM196: 3 | AN196: 0 | AO196: 0 | AP196: 0 | AQ196: 0 | AR196: 0 | AS196: 0 | AT196: 0 | AU196: 0 | AV196: 0 | AY196: NA | AZ196: NA | BB196: 41 | BE196: NA | BO196: =IF(F196="","",_xlfn.CONCAT(K196&N196,IF(L196>M196,_xlfn.TEXTJOIN(,TRUE,O196:AV196),_xlfn.TEXTJOIN(,TRUE,AF196:AV196,O196:AE196)))) | BP196: =_xlfn.CONCAT(B196,N196,IF(L196>M196,_xlfn.TEXTJOIN(,TRUE,O196:AV196),_xlfn.TEXTJOIN(,TRUE,AF196:AV196,O196:AE196))) -> USCAR4590000000300000000000000000000000000 | BQ196: =_xlfn.XLOOKUP(BO196,[1]Planilha1!$BU:$BU,[1]Planilha1!$BU:$BU,"",0,1)
...

Sheet Formato Nome Arquivo
A1: NORMA | B1: FORMATO | C1: NOTAS
A2: USCAR21 | B2: "L1+L2+CODIGO TERMINAL+COD RELATÓRIO+NORMA" | C2: CONSIDERADO NECESSIDADE DE L1 E L2 DEVIDO APLICAÃO DE CLIP SPLICE SER NORMA USCAR21
A3: USCAR38 | B3: "L1+L2+CODIGO TERMINAL+COD RELATÓRIO+NORMA"
A4: USCAR45 | B4: "L1+L2+COD RELATÓRIO+NORMA"
A5: GMW17136 | B5: "L1+L2+CODIGO TERMO+COD RELATÓRIO+NORMA"
A6: IEC | B6: ?

Sheet Tipo de Verba
A1: TIPO
A2: CAPEX
A3: EXPENSE

Sheet Tabela de Emissores
A1: MATRICULA | B1: NOME | C1: CARGO
B2: LUCIANO DA SILVA | C2: TECNICO DE VALIDAÇÃO
B3: ROGÉRIO SANTOS | C3: TECNICO DE VALIDAÇÃO
B4: CARLO CALARGE | C4: TECNICO DE VALIDAÇÃO
B5: JOSÉ EURICO | C5: TECNICO DE ENGENHARIA
B6: PAULO LIMA | C6: ANALISTA DE ENGENHARIA
B7: WANDERSON MAPA | C7: ANALISTA DE ENGENHARIA

Sheet Tabela de Aprovadores
A1: MATRICULA | B1: NOME | C1: CARGO
B2: LUIS FERNANDO | C2: SUPERVISOR DE QUALIDADE
B3: CLAYTON TELLES | C3: SUPERVISOR DE QUALIDADE
B4: DANIEL SALES | C4: GERENTE DE QUALIDADE
B5: GABRIELA CRUZ | C5: ANALISTA DE QUALIDADE

Sheet Tabela de Normas
A1: CLIENTE | B1: NORMA | C1: DESCRIÇÃO
A2: DIVERSOS | B2: GMW17136 | C2: VALIDAÇÃO DE ESTANQUEIDADE / ENVELHECIMENTO
A3: DIVERSOS | B3: USCAR21 | C3: VALIDAÇÃO DE APLICAÇÃO MECÂNICA DE TERMINAL
A4: DIVERSOS | B4: USCAR38 | C4: VALIDAÇÃO DE APLICAÇÃO DE SOLDA ULTRASONICA EM TERMINAL
A5: DIVERSOS | B5: USCAR45 | C5: VALIDAÇÃO MECANICA DE SOLDA ULTRASÔNICA
A6: MERCEDES | B6: IEC | C6: VALIDAÇÃO DE APLICAÇÃO MECÂNICA DE TERMINAL
A7: DIVERSOS | B7: GMW3191
A8: DIVERSOS | B8: GMW15491 | C8: VALIDAÇÃO DE ESTANQUEIDADE / ENVELHECIMENTO
A9: DIVERSOS | B9: NA | C9: NÃO APLICAVEL

Sheet Tabela de Isolação Cabo
A1: CABO | B1: ISOLAÇÃO
B2: NA
B3: 34842
B4: 40392
B5: 59300
B6: 64750
B7: 65760
B8: 65762
B9: 65763
B10: 65764
B11: 65766
B12: 65768
B13: 65769
... B3114: 65763

Sheet Tabela de Selos
A1: SELOS
A2: NA
A3: 3299570D7
A4: 329957955
A5: 3204504P1
A6: 3204541I2
A7: 320451461
A8: 320455AAJ
A9: 3204514J2
A10: 320452568
A11: 320454F22
A12: 3299573Q5
... A185: E02046700

Sheet Tabela de Termos
A1: COD. TERMO
A2: NA
A3: 3299362G2
A4: 3299365JY
A5: E01120300
A6: E02000700
A7: E14168600
A8: E14168700
A9: E14168800
A10: E14168900
A11: E15320400
A12: E16718500
A13: E16725300

Sheet Tabela de Terminais
A1: COD. TERMINAL
A2: NA
A3: 32025Y2XV
A4: E00120500
A5: E10146200
A6: E01647000
A7: 32025Y0VL
A8: 32025Y383
A9: 32025Y0VN
A10: E04174100
A11: 3202536X7
A12: E00309500
... A396: 320257QB7

Sheet Tabela de Processos
A1: PROCESSO
A2: SOLDA LINEAR
A3: SOLDA TOPO
A4: SOLDA MC
A5: CRIMPAGEM TERMINAL
A6: RETRAÇÃO DE TERMO

Sheet Tabela de Projetos
A1: PROJETO | B1: CLIENTE | C1: VEÍCULO
A2: GEM | B2: GM | C2: ONIX
A3: SPIN | B3: GM | C3: SPIN
A4: GMI | B4: GM | C4: S10
A5: VS30 | B5: MERCEDES | C5: SPRINTER
A6: BMW

Sheet Tabela de Familias
A1: COD. | B1: DESCRIÇÃO
A2: G01
A3: G04
A4: G05
A5: G07
A6: G08
A7: G09
A8: G10
A9: G15
A10: G16
A11: G17
A12: G18
A13: G19
... A29: S19
